user_id,email,uname,pword,role,phone_num,is_commuter,shirt_size
1078735,megan.fleck@maine.edu,megan.fleck,password123,coach,2078075832,TRUE,M
8837120,Christopher.Hanson@maine.edu,Christopher.Hanson,significant233,player,(861)953-0340x39412,True,S
6574082,Christopher.Wilson@maine.edu,Christopher.Wilson,relate582,player,752.246.7413,False,XL
5095432,Kelly.Johnson@maine.edu,Kelly.Johnson,myself5,player,7323186204,False,S
4741129,Timothy.Benjamin@maine.edu,Timothy.Benjamin,safe762,player,001-573-615-2578,False,XL
2594827,Nicole.Rodriguez@maine.edu,Nicole.Rodriguez,catch190,player,8393041422,False,XS
5025806,Alexandra.Miller@maine.edu,Alexandra.Miller,small984,player,001-421-575-3851x4996,True,S
1585166,Stephen.Adams@maine.edu,Stephen.Adams,agreement567,player,838-704-0254x211,True,M
5853202,Nicholas.Olsen@maine.edu,Nicholas.Olsen,enough29,player,(516)293-4992,True,L
6109204,Walter.Brooks@maine.edu,Walter.Brooks,it591,player,3234442537,False,XS
9742360,Tammy.Turner@maine.edu,Tammy.Turner,resource833,player,(943)232-4448x58541,True,S
2297880,Gloria.Kelley@maine.edu,Gloria.Kelley,month96,player,941.527.8438x040,True,S
8169498,Jennifer.Cox@maine.edu,Jennifer.Cox,assume62,player,897.351.5307x8765,True,L
4247581,Kevin.Humphrey.Jr.@maine.edu,Kevin.Humphrey.Jr.,example783,player,833.704.0759,True,XL
9791517,Allison.Martinez@maine.edu,Allison.Martinez,who158,player,4805549581,False,XL
6180897,Mallory.Cabrera@maine.edu,Mallory.Cabrera,several766,player,590.382.6774x8687,True,L
1581090,Michael.Thompson@maine.edu,Michael.Thompson,wind721,player,317-851-9780,False,M
5847075,Diana.Cook@maine.edu,Diana.Cook,yes208,player,001-207-329-9097,True,M
9746467,Autumn.Carr@maine.edu,Autumn.Carr,television493,player,(247)313-2926,True,M
9453606,Damon.Lane@maine.edu,Damon.Lane,media614,player,001-979-620-8229,True,L
9199659,James.Crane@maine.edu,James.Crane,interesting439,player,769-442-0736x562,True,L
5302316,David.Farmer@maine.edu,David.Farmer,study670,player,356.667.1888x287,False,XL
1091629,Mark.Watts@maine.edu,Mark.Watts,voice50,player,683-422-3346x752,True,M
8228911,Thomas.White@maine.edu,Thomas.White,manager647,player,419.340.2906,False,L
7295025,Aimee.Klein@maine.edu,Aimee.Klein,teach258,player,001-471-206-7264x5242,True,M
2596913,Marcus.Martinez@maine.edu,Marcus.Martinez,card793,player,+1-498-833-1008x1034,True,XL
4698162,Kevin.King@maine.edu,Kevin.King,room303,player,001-425-879-1766x180,True,XL
1110065,Michael.Phillips@maine.edu,Michael.Phillips,great134,player,001-344-972-2009x9188,False,XS
2631734,Vanessa.Morton@maine.edu,Vanessa.Morton,pick614,player,001-526-277-9085x79803,False,XL
3477560,Ashley.Green@maine.edu,Ashley.Green,direction698,player,(834)354-3941x0361,True,L
9381945,Makayla.Yoder@maine.edu,Makayla.Yoder,similar903,player,311.529.8915x39138,False,M
6039616,Christian.Mays@maine.edu,Christian.Mays,at23,player,(680)467-9887,False,XL
8747073,Catherine.Peterson@maine.edu,Catherine.Peterson,assume228,player,(581)447-7992,False,L
8171585,Tammy.Doyle@maine.edu,Tammy.Doyle,only997,player,001-416-381-5953x311,True,L
5453892,Bryan.Shaw@maine.edu,Bryan.Shaw,line586,player,(975)925-3672,False,L
4872260,Jesus.Roberts@maine.edu,Jesus.Roberts,research566,player,(290)583-9792x7381,False,XS
5533775,Carrie.Gonzalez@maine.edu,Carrie.Gonzalez,system270,player,+1-264-428-2587x758,True,XS
5867602,Megan.Young@maine.edu,Megan.Young,floor762,player,+1-974-895-9466x712,True,XS
8063059,Jennifer.Molina@maine.edu,Jennifer.Molina,religious6,player,9494306749,False,S
8671315,Brian.Howard@maine.edu,Brian.Howard,finally81,player,239-941-9511x164,False,XS
4470870,David.Sanchez@maine.edu,David.Sanchez,attention331,player,001-524-914-2925x17156,True,XL
8249431,Melissa.Sharp@maine.edu,Melissa.Sharp,material159,player,299.531.8149x639,True,S
1923162,Ivan.Luna@maine.edu,Ivan.Luna,gas330,player,960.383.5703,True,XL
8679516,David.Miles@maine.edu,David.Miles,brother830,player,001-928-548-2600,False,S
3702876,Timothy.Mathis@maine.edu,Timothy.Mathis,cut633,player,(546)343-4591,True,S
8464479,Robert.Gaines@maine.edu,Robert.Gaines,near740,player,738.982.1460,True,M
9496675,Ronald.Simmons.Jr.@maine.edu,Ronald.Simmons.Jr.,maintain357,player,3728106230,True,M
7026788,Gary.Graham@maine.edu,Gary.Graham,social101,player,+1-701-741-6931,True,L
7077989,Marvin.Griffith@maine.edu,Marvin.Griffith,animal984,player,698.212.0398,True,S
5976166,Kevin.Deleon@maine.edu,Kevin.Deleon,hear733,player,001-291-227-2082x60822,False,L
9918567,Scott.Taylor@maine.edu,Scott.Taylor,and578,player,(988)500-7122x77889,True,XS
3080296,Lisa.Crawford@maine.edu,Lisa.Crawford,front920,player,6154902950,True,XS
7391338,Nancy.Terry@maine.edu,Nancy.Terry,history631,player,001-854-447-1439x70534,False,S
1208426,Terry.Rogers@maine.edu,Terry.Rogers,job538,player,+1-754-372-1412,False,L
9111666,Lisa.Bates@maine.edu,Lisa.Bates,year837,player,001-775-802-5611x97253,True,L
8112243,Nicole.Rivera@maine.edu,Nicole.Rivera,institution130,player,(651)304-8499,False,L
2766964,Cynthia.Harvey@maine.edu,Cynthia.Harvey,probably215,player,+1-418-828-9112x620,False,L
9814133,Jennifer.Shaw@maine.edu,Jennifer.Shaw,five681,player,(627)458-9693x647,True,M
7882876,Steven.Gonzalez@maine.edu,Steven.Gonzalez,stand628,player,(392)395-6604,True,XL
8566909,Allison.Young@maine.edu,Allison.Young,health831,player,(798)214-3975x7333,True,L
9322620,Scott.Swanson@maine.edu,Scott.Swanson,thus768,player,997-442-9244x9608,False,M
3948670,Becky.Davis@maine.edu,Becky.Davis,west752,player,+1-540-857-8375x08281,False,S
7303295,Jacob.Dalton@maine.edu,Jacob.Dalton,either750,player,336.978.2923,True,M
5529730,Nancy.Johnson@maine.edu,Nancy.Johnson,until842,player,690.861.3814,True,L
7880838,Ricky.Wiley@maine.edu,Ricky.Wiley,take287,player,+1-338-255-1876x381,True,XL
8280199,Jonathan.Harris@maine.edu,Jonathan.Harris,you939,player,200.354.7103,False,XL
5056646,Debbie.Reyes@maine.edu,Debbie.Reyes,listen99,player,+1-694-737-2427x8089,True,XL
2748555,Joyce.Robinson@maine.edu,Joyce.Robinson,opportunity679,player,+1-992-328-1064,True,XL
2054284,Shawn.Wilkins@maine.edu,Shawn.Wilkins,fight961,player,001-802-675-9150x407,False,XS
2168973,Ana.Jenkins@maine.edu,Ana.Jenkins,behind36,player,791-237-3679,False,M
8515727,Shelley.Ponce@maine.edu,Shelley.Ponce,picture711,player,852.605.2233x39753,True,M
9234576,George.Pineda@maine.edu,George.Pineda,exactly728,player,366.823.3968x3013,True,XS
2435216,Melissa.Rhodes@maine.edu,Melissa.Rhodes,health15,player,381-386-2295,True,XS
3498131,Tracy.Jones@maine.edu,Tracy.Jones,before985,player,454.401.5734,True,M
6310039,Kelly.Schultz@maine.edu,Kelly.Schultz,despite223,player,2118826763,False,M
1732759,Peter.Lopez@maine.edu,Peter.Lopez,home158,player,511.714.6886x953,True,L
2422941,Alexa.Myers@maine.edu,Alexa.Myers,leg98,player,277-806-4275,True,XS
6772894,Carol.Watkins@maine.edu,Carol.Watkins,drive988,player,4243900626,True,XL
9875617,Sara.Weber@maine.edu,Sara.Weber,south483,player,(457)848-1887,True,S
3459236,Brooke.Patterson@maine.edu,Brooke.Patterson,key834,player,998.280.7717,False,L
3850405,Perry.Arnold@maine.edu,Perry.Arnold,loss824,player,001-268-785-8039x449,True,L
6600873,Sarah.Gordon@maine.edu,Sarah.Gordon,phone630,player,917.707.9220,True,XL
9935018,Alexis.Duran@maine.edu,Alexis.Duran,best262,player,001-421-404-7611x9055,False,XL
6080684,Joyce.Ramos@maine.edu,Joyce.Ramos,air8,player,(909)344-2888,False,XL
9257140,James.Moore@maine.edu,James.Moore,community460,player,6477648340,True,L
1173684,Paul.Compton@maine.edu,Paul.Compton,establish164,player,001-350-573-5580,True,M
8954040,Rebecca.Campbell@maine.edu,Rebecca.Campbell,someone665,player,001-753-240-5854x775,False,L
9840825,Brandy.Craig@maine.edu,Brandy.Craig,over698,player,792-770-1706x37017,True,S
5853368,Debra.Castro@maine.edu,Debra.Castro,already378,player,(513)587-7371x66887,True,L
5664955,Joshua.Richardson@maine.edu,Joshua.Richardson,action126,player,415.452.4311x950,True,S
3428536,Karen.Giles@maine.edu,Karen.Giles,west73,player,+1-445-495-4597,False,L
3889341,Michael.Gibson@maine.edu,Michael.Gibson,hour564,player,959.252.6487x1539,True,XS
5896385,Denise.Hoffman@maine.edu,Denise.Hoffman,people923,player,+1-711-757-6965x38714,False,S
8904901,Jasmine.Levy@maine.edu,Jasmine.Levy,party169,player,001-896-865-1155,True,M
1958096,Jennifer.Evans@maine.edu,Jennifer.Evans,like786,player,(709)689-1072x14047,False,XS
6498514,Brian.Higgins@maine.edu,Brian.Higgins,crime873,player,2608129622,True,XL
3520728,Jane.Graham@maine.edu,Jane.Graham,phone986,player,6977881329,True,XS
8540381,John.Rodgers@maine.edu,John.Rodgers,kind185,player,333.836.9057x97114,False,L
1515741,Steven.Lee@maine.edu,Steven.Lee,arm167,player,+1-672-940-2813x44170,True,XS
2052328,Jeremy.Solis@maine.edu,Jeremy.Solis,road121,player,(739)458-7444,False,M
8196330,Samuel.Diaz@maine.edu,Samuel.Diaz,or303,player,2944067823,False,XL
9945323,Brian.Tanner@maine.edu,Brian.Tanner,whom432,player,415-933-2110,False,M
5673196,Charles.Lee@maine.edu,Charles.Lee,bring949,player,(255)312-7639x82350,False,XL
9302254,Michael.Simpson@maine.edu,Michael.Simpson,market804,player,001-724-548-8503,False,L
6250735,Amy.Anderson@maine.edu,Amy.Anderson,population98,player,+1-653-629-3579,False,XL
4366579,Thomas.Bell@maine.edu,Thomas.Bell,knowledge946,player,610.539.4024,True,M
4182260,Kyle.Harrison@maine.edu,Kyle.Harrison,against700,player,001-613-912-2851,True,XL
3760373,Edward.Barnes@maine.edu,Edward.Barnes,role341,player,901.212.2277x114,False,M
9183477,Pamela.Martinez@maine.edu,Pamela.Martinez,area187,player,(927)555-0425,True,M
1526007,Victoria.Rhodes@maine.edu,Victoria.Rhodes,debate964,player,8283128082,True,XS
8605944,Kimberly.Fernandez@maine.edu,Kimberly.Fernandez,Congress234,player,+1-562-514-0486x644,True,XS
4514041,David.Miranda@maine.edu,David.Miranda,despite184,player,001-996-917-6156x7233,False,XL
6428920,Emily.Johnson@maine.edu,Emily.Johnson,good213,player,001-478-464-2237x52042,False,S
7424251,Ariel.Yang@maine.edu,Ariel.Yang,side514,player,+1-509-268-2697,True,M
3381495,Robert.Ortiz@maine.edu,Robert.Ortiz,western527,player,667-699-0819,False,XS
4749568,Rebecca.Prince@maine.edu,Rebecca.Prince,operation265,player,895-907-9714,False,S
9226497,Valerie.Richardson@maine.edu,Valerie.Richardson,movement54,player,+1-869-329-5077x9692,False,XL
2980097,Joseph.Hale@maine.edu,Joseph.Hale,sport773,player,955.951.6969x63473,True,XS
4628739,Natasha.Sparks@maine.edu,Natasha.Sparks,table151,player,+1-352-233-7677x877,False,S
2519299,Elizabeth.Sanders@maine.edu,Elizabeth.Sanders,between10,player,001-245-591-0660x188,True,M
3565828,Rachel.Nelson@maine.edu,Rachel.Nelson,read23,player,001-525-409-7329x415,True,S
7137536,Barbara.Travis@maine.edu,Barbara.Travis,event948,player,001-742-978-8546,False,M
2177296,Sheila.White@maine.edu,Sheila.White,suffer159,player,001-328-323-8541x571,True,L
7942416,Mitchell.Parsons@maine.edu,Mitchell.Parsons,voice162,player,3147216849,True,XS
5828882,Taylor.Dennis@maine.edu,Taylor.Dennis,just932,player,(506)647-8138,False,XS
2177299,Jocelyn.Gould@maine.edu,Jocelyn.Gould,student521,player,001-518-951-1737x16237,False,L
7491861,Lisa.Allen@maine.edu,Lisa.Allen,and328,player,(676)645-7098x920,False,M
8483093,Joel.Watson@maine.edu,Joel.Watson,left231,player,893-263-0924,False,L
1726744,Gabriela.Bryant@maine.edu,Gabriela.Bryant,list365,player,+1-944-689-8727x2266,True,XS
3666201,Daisy.Acosta@maine.edu,Daisy.Acosta,moment494,player,555.552.2816x36512,False,XL
7754008,Jodi.Davis@maine.edu,Jodi.Davis,start246,player,+1-806-252-0039x453,True,M
5435675,Christian.Beck@maine.edu,Christian.Beck,their533,player,6749321088,True,S
5669156,Kathleen.Reese@maine.edu,Kathleen.Reese,our218,player,976.867.1940,False,L
6730022,Veronica.Wang@maine.edu,Veronica.Wang,deal185,player,(851)687-5177x3479,True,L
9900328,Hailey.Rosales@maine.edu,Hailey.Rosales,entire437,player,427.555.0385x965,True,XS
4866344,Jennifer.Pope.DDS@maine.edu,Jennifer.Pope.DDS,north216,player,764-446-8096x6009,True,M
3885357,Larry.Martin@maine.edu,Larry.Martin,civil10,player,(469)383-5527x16061,False,M
5841198,Erin.Castillo@maine.edu,Erin.Castillo,say844,player,+1-848-266-8130x070,False,XS
6711598,Robert.Stanley@maine.edu,Robert.Stanley,actually235,player,857-324-3540x9584,False,L
1796402,Emily.Brock@maine.edu,Emily.Brock,item179,player,(965)297-2566x8639,True,S
3807539,Stephanie.Noble@maine.edu,Stephanie.Noble,land627,player,703-287-5154x4620,False,L
1048883,Monica.Carpenter@maine.edu,Monica.Carpenter,tree971,player,+1-847-478-3365,False,S
8560949,Stephanie.Clark@maine.edu,Stephanie.Clark,fire645,player,854.612.3219x1288,True,M
7094582,Samantha.Scott@maine.edu,Samantha.Scott,later803,player,(846)270-3675x49992,False,S
5374262,Tanya.Walker@maine.edu,Tanya.Walker,debate790,player,001-730-530-4454,True,XS
6222137,Laurie.Young@maine.edu,Laurie.Young,everything5,player,+1-304-578-6931x67302,False,XL
4991290,James.Hamilton@maine.edu,James.Hamilton,significant500,player,941-548-2960x3850,False,XS
1388858,Theresa.Smith@maine.edu,Theresa.Smith,tax522,player,001-765-607-0673,False,S
8941886,Sarah.Morales@maine.edu,Sarah.Morales,manager894,player,558-453-6750,False,S
9488703,Angela.Gregory@maine.edu,Angela.Gregory,whose435,player,001-647-341-9081,True,M
8350017,Darrell.Woods@maine.edu,Darrell.Woods,should375,player,8008559149,True,S
7317825,Travis.Evans@maine.edu,Travis.Evans,similar487,player,001-812-761-1708x09970,True,XS
8800579,Jennifer.Jones@maine.edu,Jennifer.Jones,south29,player,(566)905-2314x22481,False,S
3893574,Allison.Small@maine.edu,Allison.Small,laugh795,player,001-683-754-9596x8950,True,M
3254600,Steven.Sanchez@maine.edu,Steven.Sanchez,for379,player,+1-563-812-9573x058,False,XS
4417866,Katherine.Ryan@maine.edu,Katherine.Ryan,offer478,player,6332028965,False,XL
2793805,John.Smith@maine.edu,John.Smith,read510,player,869-427-8625,True,M
3041617,Deanna.Wallace@maine.edu,Deanna.Wallace,event666,player,706-688-7914x579,True,XL
2314577,Jennifer.Nguyen@maine.edu,Jennifer.Nguyen,administration633,player,(786)937-7385,False,XS
2773336,Lisa.Fernandez@maine.edu,Lisa.Fernandez,bit556,player,+1-469-689-2027x158,False,S
3887448,Mark.Bird@maine.edu,Mark.Bird,picture981,player,890.990.5011x95702,True,XL
9083227,Nancy.Duran@maine.edu,Nancy.Duran,college957,player,001-793-354-4960x0575,False,M
8208737,Joseph.Mills@maine.edu,Joseph.Mills,among407,player,985-252-5535,False,S
6402402,Ashley.Fleming@maine.edu,Ashley.Fleming,the55,player,(355)694-4765x9035,False,M
5478755,Mitchell.Lopez@maine.edu,Mitchell.Lopez,figure112,player,(283)354-5433x51946,True,XL
7670116,Richard.Johnson@maine.edu,Richard.Johnson,natural451,player,(678)677-0869x6559,True,S
8993126,Tony.Nelson@maine.edu,Tony.Nelson,summer331,player,278.572.1282x9821,False,L
6187368,Matthew.Brown@maine.edu,Matthew.Brown,shoulder236,player,207-230-7475x918,True,L
9189738,Marcus.Keller@maine.edu,Marcus.Keller,personal73,player,(363)937-2428x399,True,XS
7397741,Daniel.Moreno@maine.edu,Daniel.Moreno,really558,player,(607)829-6450x951,False,XS
4723054,Karen.Robinson@maine.edu,Karen.Robinson,local268,player,519.752.9220x03428,False,XL
4079988,Michael.Ramirez@maine.edu,Michael.Ramirez,reveal566,player,(675)275-8727,True,XL
1319289,Scott.Yoder@maine.edu,Scott.Yoder,clear321,player,+1-703-895-2780x65386,False,M
1102206,Anna.Phillips@maine.edu,Anna.Phillips,outside38,player,(608)635-4148x1642,False,M
6252930,Steven.Leonard@maine.edu,Steven.Leonard,interesting91,player,937.588.8646x958,True,XS
4336002,Chase.Porter@maine.edu,Chase.Porter,foreign473,player,946-860-2933x2698,True,XS
6775172,Heather.Perez@maine.edu,Heather.Perez,process593,player,624.651.4712x4772,True,S
2421125,Anthony.Moore@maine.edu,Anthony.Moore,machine731,player,275.528.0262x864,True,XS
4006279,Toni.Zuniga@maine.edu,Toni.Zuniga,per186,player,+1-994-332-0890x12004,False,L
2812296,Johnathan.Gardner@maine.edu,Johnathan.Gardner,while979,player,001-557-501-0816x74288,False,M
7850377,Marissa.Curry@maine.edu,Marissa.Curry,hit929,player,(727)906-2470x71900,False,S
2890121,Isabel.Bridges.DVM@maine.edu,Isabel.Bridges.DVM,relate901,player,656-433-3477,False,S
4149639,Tina.King@maine.edu,Tina.King,point339,player,(835)636-1020,True,S
5763470,Manuel.George@maine.edu,Manuel.George,situation878,player,(837)493-2613,True,XL
5724565,Donald.Carroll@maine.edu,Donald.Carroll,beautiful933,player,(426)960-2009x025,False,S
3516822,Jon.Neal@maine.edu,Jon.Neal,significant101,player,+1-473-858-6110,True,L
1884567,Suzanne.Turner@maine.edu,Suzanne.Turner,believe171,player,+1-846-663-7759,False,XL
4297109,Mrs..Karen.Hill.PhD@maine.edu,Mrs..Karen.Hill.PhD,it125,player,471.992.1746x18980,True,S
8874393,Joyce.Winters@maine.edu,Joyce.Winters,order978,player,218-405-4929x2391,True,XL
6547863,Michael.Wells@maine.edu,Michael.Wells,attack88,player,001-278-965-1538x75853,True,XS
7668127,Stephanie.Sanders@maine.edu,Stephanie.Sanders,out781,player,630-414-4073,True,L
7166367,Joseph.Gomez@maine.edu,Joseph.Gomez,none263,player,+1-401-822-4285x82155,True,XS
3314079,John.Rodriguez@maine.edu,John.Rodriguez,everyone389,player,(426)893-7315,True,M
6429090,Thomas.Larson@maine.edu,Thomas.Larson,record567,player,384.203.1605,False,S
2662819,Samantha.Washington@maine.edu,Samantha.Washington,music730,player,7185621498,False,XL
9341347,Carly.Campos@maine.edu,Carly.Campos,over466,player,6405821808,True,XL
1798565,Dawn.Norton@maine.edu,Dawn.Norton,full305,player,001-736-673-6041x053,True,XL
1098150,Jasmine.Valdez@maine.edu,Jasmine.Valdez,part887,player,266-922-1774x53412,True,S
4618662,Erica.Lowe@maine.edu,Erica.Lowe,growth481,player,492-604-1501x5256,True,XS
6486440,Clifford.Hill@maine.edu,Clifford.Hill,different128,player,(623)593-0375x87049,True,XS
6871467,Jeffrey.Hall@maine.edu,Jeffrey.Hall,father776,player,807.713.6537x58118,False,XL
1540525,Michele.Diaz@maine.edu,Michele.Diaz,help838,player,455-442-3554x0299,True,XS
1450413,Cynthia.Green@maine.edu,Cynthia.Green,must969,player,(775)727-0571x0876,True,M
5800370,Angela.Cain@maine.edu,Angela.Cain,measure533,player,(732)508-9536,True,M
7209395,Jaime.Skinner@maine.edu,Jaime.Skinner,student243,player,(396)509-0698,False,M
1597880,Teresa.Mayo@maine.edu,Teresa.Mayo,mouth237,player,692.217.2109x61095,False,L
7756217,James.Davis@maine.edu,James.Davis,tree942,player,936-613-1117x027,False,S
4161976,Jill.Ellis@maine.edu,Jill.Ellis,major913,player,500.329.1156x981,False,L
2322877,Sara.Oneill@maine.edu,Sara.Oneill,determine724,player,240-832-8368x8599,True,M
8284606,Amy.Mclaughlin@maine.edu,Amy.Mclaughlin,about276,player,+1-418-944-7116x317,False,S
7090623,Connie.Brown@maine.edu,Connie.Brown,must788,player,442-273-2977,True,XL
6336959,Kaylee.Kerr@maine.edu,Kaylee.Kerr,cultural660,player,551-667-8656x87166,False,XL
8001987,Shane.Brown@maine.edu,Shane.Brown,as708,player,(993)246-0093,False,XL
3662279,Mrs..Kristi.Delgado@maine.edu,Mrs..Kristi.Delgado,thought396,player,001-853-410-7092x2205,False,L
8333767,Dustin.Jackson@maine.edu,Dustin.Jackson,change545,player,518-344-5026,False,XL
9081288,Jack.Coleman@maine.edu,Jack.Coleman,teacher293,player,001-259-860-0431x6826,False,XL
2965965,Karen.Hernandez@maine.edu,Karen.Hernandez,for688,player,873.806.2958x423,False,XS
9560526,Chad.Wood.MD@maine.edu,Chad.Wood.MD,the445,player,788.682.8383,True,L
3944910,Candace.Burnett.MD@maine.edu,Candace.Burnett.MD,official667,player,283.528.2588x747,True,L
3615183,Dennis.Nunez@maine.edu,Dennis.Nunez,phone993,player,001-874-606-3560x22783,False,M
3387858,Dr..Kevin.Moses@maine.edu,Dr..Kevin.Moses,trouble379,player,312-451-9481,False,M
2539987,William.Wells@maine.edu,William.Wells,animal698,player,001-590-528-6489x1634,False,S
9023956,Sarah.Bowman@maine.edu,Sarah.Bowman,choice628,player,001-595-923-7723x075,False,XL
1444308,Gary.Lewis@maine.edu,Gary.Lewis,wish347,player,777-848-2767x7763,False,S
8825303,Christina.Johnson@maine.edu,Christina.Johnson,glass67,player,+1-914-225-8355x32931,False,M
2077146,Jamie.Campbell@maine.edu,Jamie.Campbell,total110,player,755.863.4008x27830,True,S
8522205,Vanessa.Bowen@maine.edu,Vanessa.Bowen,office291,player,+1-469-591-4493x72203,True,L
6277603,Felicia.Taylor@maine.edu,Felicia.Taylor,drug116,player,577.691.0803x51268,True,L
8315365,Brian.Gonzalez@maine.edu,Brian.Gonzalez,into837,player,679.214.1281,False,L
2081259,Tara.Nelson@maine.edu,Tara.Nelson,center492,player,001-656-602-7825x653,True,L
2173421,Timothy.Hensley@maine.edu,Timothy.Hensley,ready68,player,(658)936-6347x431,False,M
5724654,Scott.Walker@maine.edu,Scott.Walker,event626,player,+1-490-599-4500x08350,True,XL
3723759,Shawn.Haynes@maine.edu,Shawn.Haynes,move551,player,864.259.5670,True,XS
4473328,Matthew.Mckinney@maine.edu,Matthew.Mckinney,sound658,player,594.469.0563x652,True,M
3174897,Lindsey.Rodriguez@maine.edu,Lindsey.Rodriguez,rich177,player,323.482.0399x8549,True,XL
7967218,Jonathan.Schmidt@maine.edu,Jonathan.Schmidt,me363,player,+1-894-781-6093,True,L
5388787,Julia.Harris@maine.edu,Julia.Harris,candidate546,player,616-571-3203,False,S
2044404,Anna.Rodriguez@maine.edu,Anna.Rodriguez,girl714,player,001-540-831-3011x25238,True,XS
7262708,Ricardo.Maxwell@maine.edu,Ricardo.Maxwell,each350,player,(467)629-3396,True,XL
3940852,Andrew.Miller@maine.edu,Andrew.Miller,small293,player,236.924.6446x356,False,XL
1264131,Jeffrey.Potter@maine.edu,Jeffrey.Potter,ahead463,player,253.580.9097x32189,False,M
9327108,Jennifer.Sullivan@maine.edu,Jennifer.Sullivan,back894,player,283.513.9615x375,True,XL
8264198,Darlene.Allen@maine.edu,Darlene.Allen,five454,player,+1-958-216-6010x1481,True,M
2265606,Ruth.Greer@maine.edu,Ruth.Greer,recently204,player,001-438-523-9121x1487,False,L
8620552,Amy.Moore.DDS@maine.edu,Amy.Moore.DDS,collection938,player,351-238-6764x806,True,XL
4260363,Kristin.Larson@maine.edu,Kristin.Larson,beat425,player,622-381-9485,True,XL
7461388,Deanna.Alvarez@maine.edu,Deanna.Alvarez,possible883,player,001-620-721-6917x22154,True,L
4571661,Carol.Kelly@maine.edu,Carol.Kelly,place552,player,832.598.3726x392,True,XS
3770894,Michael.Pineda@maine.edu,Michael.Pineda,successful687,player,001-852-203-9650,False,S
4588047,Abigail.Brown@maine.edu,Abigail.Brown,about142,player,(290)671-1127,False,XL
1849869,Brittney.King@maine.edu,Brittney.King,reduce422,player,(307)491-5296,True,M
4100625,Maria.Faulkner@maine.edu,Maria.Faulkner,inside96,player,591.878.9503,False,XL
2331154,Cameron.Gray@maine.edu,Cameron.Gray,be844,player,748.276.7060x74865,True,XS
3867156,George.Smith@maine.edu,George.Smith,process424,player,753.341.7957x3611,True,M
9091607,Emily.Olson@maine.edu,Emily.Olson,plant8,player,001-818-772-9075,False,XS
9101848,Mary.Lynn@maine.edu,Mary.Lynn,perhaps866,player,(264)872-6348x7919,False,S
9202201,David.Wilcox@maine.edu,David.Wilcox,it444,player,522-597-1808x25905,False,M
8579614,Amanda.Wood@maine.edu,Amanda.Wood,admit868,player,955.436.8287,False,S
9083428,Angela.Watkins@maine.edu,Angela.Watkins,while653,player,8732716678,True,M
7213610,Jack.York@maine.edu,Jack.York,product756,player,+1-623-519-0289x869,True,M
4915757,Jessica.Sanchez@maine.edu,Jessica.Sanchez,improve628,player,811.413.7181x36433,True,M
1841710,Mark.Horton@maine.edu,Mark.Horton,environmental218,player,817-942-6394x4955,False,S
1612336,Gregory.Mccarthy@maine.edu,Gregory.Mccarthy,mind438,player,340-306-5635x335,True,M
9902641,Edward.Gilbert@maine.edu,Edward.Gilbert,bar930,player,001-516-913-7336x3131,False,L
3865155,Richard.Clark@maine.edu,Richard.Clark,forget107,player,814.767.0915x245,True,M
8868420,Jerome.Simon@maine.edu,Jerome.Simon,else982,player,+1-418-219-5619x714,False,XL
1147460,Brian.Howell@maine.edu,Brian.Howell,which493,player,724.349.8737x322,False,XL
8593989,John.Coffey@maine.edu,John.Coffey,in53,player,826-747-2723,False,M
5677641,Luis.Howard@maine.edu,Luis.Howard,human500,player,+1-443-528-0243x85882,False,M
8540748,Carrie.Jones@maine.edu,Carrie.Jones,decade995,player,+1-310-801-4795x659,False,XS
9232973,Jodi.Molina@maine.edu,Jodi.Molina,there583,player,518-748-3917x7556,False,XL
1946192,Anna.Moore@maine.edu,Anna.Moore,later134,player,602.685.3886,False,XS
4293201,Lisa.Gould@maine.edu,Lisa.Gould,keep825,player,209.807.4842x617,False,L
9937490,James.Ellis@maine.edu,James.Ellis,various803,player,(759)206-5031x34084,False,S
4764245,Shaun.Boyd@maine.edu,Shaun.Boyd,teacher969,player,308-207-2530x75708,False,S
7205464,Alexandra.Kim@maine.edu,Alexandra.Kim,couple55,player,(895)694-3443x31853,False,XL
4092507,Peter.Knapp@maine.edu,Peter.Knapp,writer334,player,2996257846,False,XS
4651613,Amanda.Jackson@maine.edu,Amanda.Jackson,pay865,player,(410)889-6109x296,True,L
6580833,Michael.Moore@maine.edu,Michael.Moore,lose412,player,600.500.4702x800,False,M
7991906,Stephanie.Ware@maine.edu,Stephanie.Ware,to897,player,+1-929-861-5104x968,True,S
7813730,William.Smith@maine.edu,William.Smith,fear804,player,+1-594-452-3528x749,False,XL
7287393,Andrew.Clayton@maine.edu,Andrew.Clayton,democratic293,player,606-471-9795x7838,True,M
1817189,Denise.Ray@maine.edu,Denise.Ray,guy788,player,741.583.6678x66280,False,L
5683818,Autumn.Hernandez@maine.edu,Autumn.Hernandez,town430,player,441.513.9668,True,XL
1677932,Karen.Butler@maine.edu,Karen.Butler,impact930,player,001-415-915-2520x00717,True,M
3873388,James.Maldonado@maine.edu,James.Maldonado,institution228,player,708.459.4134,False,L
6535790,Ashley.Larson@maine.edu,Ashley.Larson,continue705,player,+1-238-557-9344x400,True,L
5229167,Kathy.White@maine.edu,Kathy.White,whole864,player,397-601-2412,True,XL
7404144,Tamara.Holmes@maine.edu,Tamara.Holmes,Democrat136,player,(849)790-4120,True,XL
1839731,Nicole.Hanna@maine.edu,Nicole.Hanna,throughout344,player,(650)336-2644x5986,False,S
4276852,Mary.Dougherty@maine.edu,Mary.Dougherty,role705,player,588-991-1432x0894,True,M
6251128,Mr..Shane.Cole@maine.edu,Mr..Shane.Cole,herself420,player,(400)609-5317x38017,False,XS
5677690,Raymond.Mills@maine.edu,Raymond.Mills,assume618,player,(644)706-3113x9826,False,L
4270714,Kevin.Shepherd.PhD@maine.edu,Kevin.Shepherd.PhD,the157,player,447.769.5650,True,XL
2331261,Zachary.Torres@maine.edu,Zachary.Torres,enough915,player,(703)751-6702x92426,False,M
7846533,Paul.Nelson@maine.edu,Paul.Nelson,wife655,player,+1-550-318-4102x55760,True,S
6724230,Kaylee.Fritz@maine.edu,Kaylee.Fritz,garden149,player,+1-659-892-3171x727,False,XS
5063304,Patrick.Thompson@maine.edu,Patrick.Thompson,many728,player,(509)420-5524x02777,True,XL
2214537,Michael.Benitez@maine.edu,Michael.Benitez,must702,player,001-611-800-4920x0508,False,M
7838348,Kyle.Harrison@maine.edu,Kyle.Harrison,woman428,player,379-458-8030,False,L
2120333,David.Peters@maine.edu,David.Peters,hospital685,player,375.793.3733,True,M
9116300,Tammy.Sherman@maine.edu,Tammy.Sherman,perform956,player,433.203.5646x0784,False,L
6646416,Anthony.Mitchell@maine.edu,Anthony.Mitchell,how557,player,228.425.9302x5559,False,XS
2894480,Matthew.Carlson@maine.edu,Matthew.Carlson,community390,player,001-561-731-5296x63777,False,M
7199376,William.Robinson@maine.edu,William.Robinson,realize427,player,985-449-5067x59152,False,S
7617171,Sean.Nguyen@maine.edu,Sean.Nguyen,return214,player,216.994.6738,False,L
7019157,David.Crosby@maine.edu,David.Crosby,instead667,player,001-932-520-3046,True,XL
8559254,Shane.Cooke@maine.edu,Shane.Cooke,under782,player,+1-375-333-3236x974,True,S
8663702,April.Trujillo@maine.edu,April.Trujillo,new30,player,(240)532-5974x8733,True,S
1364638,Mr..Michael.Jones@maine.edu,Mr..Michael.Jones,as525,player,542-237-2038x0725,True,S
6593185,Jennifer.Mcneil@maine.edu,Jennifer.Mcneil,its354,player,001-603-368-2615x1484,True,M
5274273,Kenneth.Brown@maine.edu,Kenneth.Brown,sea637,player,+1-365-641-7754x791,False,L
2505379,Steven.Ramos@maine.edu,Steven.Ramos,TV930,player,7197402347,True,XL
3486370,Angel.Fox@maine.edu,Angel.Fox,everybody64,player,+1-370-646-7316x5782,False,M
6490788,Donna.Patel@maine.edu,Donna.Patel,against887,player,663-281-5162,True,XL
3160740,Jason.Harrison@maine.edu,Jason.Harrison,you399,player,802-569-0848,True,S
6765226,Mark.Fox@maine.edu,Mark.Fox,prepare360,player,376.813.6306,True,XL
6068908,David.Long@maine.edu,David.Long,street8,player,001-450-518-6597x396,False,XL
4682414,Scott.Ramirez@maine.edu,Scott.Ramirez,national681,player,920.813.0107,True,XL
7097008,Chris.Parker@maine.edu,Chris.Parker,hospital184,player,794.964.4651,True,S
8714931,Mary.Alexander@maine.edu,Mary.Alexander,hand542,player,001-419-892-8688x7146,False,S
6585013,Julie.Mercado@maine.edu,Julie.Mercado,discuss629,player,(610)934-4412x48738,True,M
9317047,Jacqueline.Schmidt@maine.edu,Jacqueline.Schmidt,career213,player,396-710-5066,True,XL
2058938,Evan.Wilson@maine.edu,Evan.Wilson,foot892,player,+1-919-382-7027,True,S
2906812,Geoffrey.Jones@maine.edu,Geoffrey.Jones,speak997,player,4815301716,True,S
7375548,Madison.Williams@maine.edu,Madison.Williams,early776,player,327.298.9459x481,True,L
1436348,Becky.Green@maine.edu,Becky.Green,sure577,player,001-898-517-8841x9822,True,XS
5300928,Denise.Ortega@maine.edu,Denise.Ortega,drug901,player,001-252-953-2515x06974,False,XL
5702340,Albert.Collins@maine.edu,Albert.Collins,almost644,player,+1-896-497-9129,True,L
8973001,Elizabeth.Simpson@maine.edu,Elizabeth.Simpson,meet142,player,001-441-872-8128x633,True,S
8944333,Mathew.Richards@maine.edu,Mathew.Richards,glass618,player,376.619.2109x008,False,XL
8542928,Judy.Martin@maine.edu,Judy.Martin,trouble814,player,001-237-544-8053x0910,True,S
7930577,Dennis.Brown.DDS@maine.edu,Dennis.Brown.DDS,person874,player,254-388-0862,True,XS
4760273,Matthew.Tucker@maine.edu,Matthew.Tucker,month909,player,001-471-923-3688,False,XL
7312082,Jacqueline.Velasquez@maine.edu,Jacqueline.Velasquez,design441,player,579.450.8293x52762,False,XL
6093526,Joshua.Moore@maine.edu,Joshua.Moore,who506,player,869-893-9483x9587,True,XS
6259415,Nancy.Jones@maine.edu,Nancy.Jones,however362,player,7078913292,True,M
5694168,Cindy.Graham@maine.edu,Cindy.Graham,season435,player,8578971120,False,L
6083290,Anita.David@maine.edu,Anita.David,product57,player,661-616-8253x302,False,S
5354206,Dana.Ball@maine.edu,Dana.Ball,final173,player,779-875-7006,True,XS
2931422,James.Johnson@maine.edu,James.Johnson,unit388,player,(835)730-5806,True,XL
4547296,Taylor.Taylor@maine.edu,Taylor.Taylor,happen575,player,+1-845-284-5385x4532,False,XS
1284833,Benjamin.Myers@maine.edu,Benjamin.Myers,table111,player,908-303-5430x052,True,L
9908962,Nicole.Wallace@maine.edu,Nicole.Wallace,true303,player,+1-631-750-6259x4633,False,L
2509539,Jeremy.Moyer@maine.edu,Jeremy.Moyer,pattern379,player,001-602-851-0910,False,M
7930601,Rachael.Montgomery@maine.edu,Rachael.Montgomery,help648,player,001-464-814-3358x1200,True,S
7123690,David.Oliver@maine.edu,David.Oliver,power139,player,886.912.4415x213,True,M
2415342,Jacob.Herman.DDS@maine.edu,Jacob.Herman.DDS,finish30,player,647-886-3386x9875,False,XL
4004591,Carol.Lynn@maine.edu,Carol.Lynn,human933,player,790-636-7009x0201,True,S
9079537,Larry.Sanchez@maine.edu,Larry.Sanchez,along763,player,001-967-690-7111,False,XS
8000242,Laura.Martinez@maine.edu,Laura.Martinez,already124,player,001-815-755-1614,False,M
4313842,Leon.Charles@maine.edu,Leon.Charles,hope490,player,+1-534-845-9221x6543,False,XL
7308020,Dr..William.Mueller.DVM@maine.edu,Dr..William.Mueller.DVM,discuss346,player,719.319.8819x781,True,M
5468920,Sharon.Tanner@maine.edu,Sharon.Tanner,ten182,player,001-579-539-7678x6960,False,M
1424120,Stephen.Wood@maine.edu,Stephen.Wood,natural164,player,(974)749-3277x22612,False,XS
5135099,Valerie.Jones@maine.edu,Valerie.Jones,west246,player,977.316.7092x5570,True,XS
5257979,Candice.Bean@maine.edu,Candice.Bean,box14,player,333-714-5825x032,False,XS
5987071,Linda.Montoya@maine.edu,Linda.Montoya,true669,player,+1-522-756-5641x9401,True,L
8248064,Kevin.Stevens@maine.edu,Kevin.Stevens,challenge949,player,777.779.7927,True,L
9569024,Roy.Simmons@maine.edu,Roy.Simmons,talk860,player,(277)293-9917,True,S
1352449,Cindy.Baker@maine.edu,Cindy.Baker,whose63,player,(623)807-1362x31768,True,L
4205318,Elizabeth.Bowman@maine.edu,Elizabeth.Bowman,no503,player,949.530.1536,True,XL
9659142,Nancy.Stevens@maine.edu,Nancy.Stevens,southern971,player,(422)905-2632,False,L
3601166,Joshua.Gomez@maine.edu,Joshua.Gomez,stage637,player,563-721-6710x350,False,XS
8870670,Danielle.Harrison@maine.edu,Danielle.Harrison,enter633,player,3632880961,True,M
4576015,Diane.Nguyen@maine.edu,Diane.Nguyen,animal819,player,940-785-5202,True,L
5606162,Crystal.Brown@maine.edu,Crystal.Brown,left412,player,(873)632-7500x73134,True,XS
3685139,Clinton.Ramirez@maine.edu,Clinton.Ramirez,seat406,player,718-670-1070x263,False,M
3218196,William.Mills@maine.edu,William.Mills,government425,player,(441)606-5157,True,L
5024535,Jean.Kennedy@maine.edu,Jean.Kennedy,social824,player,237.422.8030x1960,True,XS
9644828,Amanda.Chavez@maine.edu,Amanda.Chavez,institution44,player,+1-240-417-3854,True,L
1794844,Susan.Miller@maine.edu,Susan.Miller,during13,player,977-208-5492,True,XS
9274142,Paul.Smith@maine.edu,Paul.Smith,low671,player,(993)749-1125x25513,True,S
8602406,Michelle.Adams@maine.edu,Michelle.Adams,recently273,player,(589)614-9746,False,XL
7869222,Michelle.Meyer@maine.edu,Michelle.Meyer,stage349,player,(374)338-8482x14259,False,S
7650088,Robert.Dyer.Jr.@maine.edu,Robert.Dyer.Jr.,dog914,player,001-748-454-2255x37669,True,L
7924519,Tina.Thompson@maine.edu,Tina.Thompson,watch458,player,(813)833-2192x945,False,XS
9843495,William.Chase@maine.edu,William.Chase,rate662,player,001-934-244-6572x0689,False,L
5901099,Marissa.Oneill@maine.edu,Marissa.Oneill,speak25,player,2403109330,True,L
8430382,Phyllis.Finley@maine.edu,Phyllis.Finley,fill401,player,+1-978-610-9794x94515,False,S
9653039,Timothy.Yoder@maine.edu,Timothy.Yoder,store46,player,634-620-9461,True,XS
7830320,William.Cooper@maine.edu,William.Cooper,number165,player,(373)555-2253x838,False,L
4576049,John.Johnson@maine.edu,John.Johnson,college815,player,459.250.5191,False,M
7580468,Julia.Roberts@maine.edu,Julia.Roberts,continue993,player,+1-697-952-7830,True,XS
4569909,Tiffany.Tyler@maine.edu,Tiffany.Tyler,strong920,player,737-822-9705,True,XS
7605047,Parker.Floyd@maine.edu,Parker.Floyd,sister668,player,001-847-488-1739x103,False,L
8229687,Lisa.Walker@maine.edu,Lisa.Walker,performance408,player,596-844-4450,False,L
2667321,Michael.Schmidt@maine.edu,Michael.Schmidt,herself207,player,467-605-5455,True,S
5432121,Zachary.Taylor@maine.edu,Zachary.Taylor,industry953,player,+1-642-956-9915x77136,True,M
9095997,Kim.Carroll@maine.edu,Kim.Carroll,move54,player,627-569-7128,True,XS
2661183,Elizabeth.Anderson@maine.edu,Elizabeth.Anderson,member268,player,(249)533-0798,True,XL
4739904,Andrew.Woods@maine.edu,Andrew.Woods,civil550,player,(890)342-0808,False,L
7150401,Latasha.Odonnell@maine.edu,Latasha.Odonnell,sign972,player,417-414-4455,False,S
3599170,Christopher.Wright@maine.edu,Christopher.Wright,entire143,player,3579242238,False,L
8086338,Daniel.Ramirez@maine.edu,Daniel.Ramirez,family73,player,(616)503-6329,True,XL
5907263,Joseph.Chapman@maine.edu,Joseph.Chapman,indeed48,player,+1-278-386-2839x0246,False,S
3517255,Jeremy.Barrett@maine.edu,Jeremy.Barrett,eight3,player,(733)653-7236x35888,False,L
4043593,Ashley.Hobbs@maine.edu,Ashley.Hobbs,this661,player,208-444-7540,False,S
5655370,William.Whitehead@maine.edu,William.Whitehead,course114,player,404-406-0104x33677,True,XS
8629070,Gerald.Diaz@maine.edu,Gerald.Diaz,recently407,player,602.479.1216x323,False,M
6861647,Kenneth.Melendez@maine.edu,Kenneth.Melendez,total225,player,(877)386-4012,True,L
6423379,David.Garcia@maine.edu,David.Garcia,lose466,player,(573)683-5508x478,True,XS
6890325,William.Baker@maine.edu,William.Baker,study829,player,(610)232-5337x51420,True,XS
2112342,William.Kline@maine.edu,William.Kline,everybody286,player,001-321-307-7667x3834,True,XL
9835351,Cheryl.Wilson@maine.edu,Cheryl.Wilson,listen552,player,(805)276-2331x3957,False,L
6202200,Fernando.Sullivan@maine.edu,Fernando.Sullivan,interest28,player,306-488-2698,False,XL
1741656,Timothy.Harrison@maine.edu,Timothy.Harrison,center427,player,(988)987-8355x0884,False,L
3609439,Nicole.Le@maine.edu,Nicole.Le,night256,player,001-374-635-3332x2045,False,L
6292322,Sarah.Garcia@maine.edu,Sarah.Garcia,significant209,player,592-893-1474,False,S
1735522,Heather.Gonzalez@maine.edu,Heather.Gonzalez,want751,player,544-986-9496x12603,True,L
7696378,Mary.Smith@maine.edu,Mary.Smith,direction46,player,877-313-5670,True,XL
3840869,Theresa.Jones@maine.edu,Theresa.Jones,could772,player,(905)763-0147,False,XS
3705702,Elizabeth.Harris@maine.edu,Elizabeth.Harris,surface779,player,460-534-1795,True,L
8346471,Jessica.Stephens@maine.edu,Jessica.Stephens,tend468,player,(791)968-8453x15296,False,L
7654250,Cassandra.Graham@maine.edu,Cassandra.Graham,left744,player,+1-834-923-5117x380,False,L
6175594,Michael.Cameron@maine.edu,Michael.Cameron,say841,player,8485269177,True,XL
1018732,Daniel.Freeman@maine.edu,Daniel.Freeman,remain764,player,751-972-2935x068,False,L
4733804,Jill.Rivera@maine.edu,Jill.Rivera,family4,player,651-856-4878x28775,True,XL
1076078,Tammy.Shea@maine.edu,Tammy.Shea,believe673,player,001-768-536-0234x7222,True,XL
5823343,Benjamin.Coleman@maine.edu,Benjamin.Coleman,marriage716,player,+1-837-507-0947x87013,True,L
5063536,Ashley.Horton@maine.edu,Ashley.Horton,exist696,player,5054678208,True,L
6628208,William.Russell@maine.edu,William.Russell,mother877,player,(985)679-3442,False,S
9821042,Anthony.Marshall@maine.edu,Anthony.Marshall,poor687,player,287.662.7691x813,True,S
7648110,Savannah.Williams@maine.edu,Savannah.Williams,only223,player,279.579.2258,False,M
5761904,Anita.Taylor@maine.edu,Anita.Taylor,hundred426,player,001-504-862-9082x228,True,L
4438892,David.Nunez@maine.edu,David.Nunez,trial363,player,001-548-873-9356x5504,False,XL
6994807,Eric.Klein@maine.edu,Eric.Klein,important936,player,+1-521-979-1982x97642,True,S
4404087,Tina.Randall@maine.edu,Tina.Randall,career732,player,957-847-6535x245,True,XL
3525497,Heather.Smith@maine.edu,Heather.Smith,dog872,player,+1-390-381-4722x9567,False,M
9495422,Eric.Keller@maine.edu,Eric.Keller,others85,player,658.988.0616,True,XS
3439491,Dr..James.Bowman@maine.edu,Dr..James.Bowman,order445,player,(281)651-1579,True,XL
7418756,Tamara.Burton@maine.edu,Tamara.Burton,quality890,player,425.886.3072x2598,False,M
8657795,Victoria.Jenkins@maine.edu,Victoria.Jenkins,on605,player,+1-946-454-6452x798,True,XS
5819270,Jodi.Rodgers@maine.edu,Jodi.Rodgers,want910,player,001-459-992-8106x232,True,XS
5501828,Katherine.Evans@maine.edu,Katherine.Evans,improve931,player,+1-857-200-1290x9831,True,XS
1848207,Diane.Smith@maine.edu,Diane.Smith,voice444,player,877-568-7982x89891,False,M
6583184,Susan.Gallagher@maine.edu,Susan.Gallagher,action87,player,690-412-8868,True,L
9573266,Stephen.Sanchez@maine.edu,Stephen.Sanchez,eight687,player,440-858-0936x15131,True,S
4707221,David.Stanley@maine.edu,David.Stanley,east110,player,(986)715-5654x92163,True,XS
3971989,Mary.Wood@maine.edu,Mary.Wood,home982,player,3555353368,True,S
3974039,Dustin.May@maine.edu,Dustin.May,trip896,player,4118058964,True,XL
4488088,Nicole.Nicholson@maine.edu,Nicole.Nicholson,activity71,player,267.570.7123x276,True,M
7553942,Kathy.Maynard@maine.edu,Kathy.Maynard,wonder643,player,745-771-8903x3762,True,XL
1528730,Michael.Andrews@maine.edu,Michael.Andrews,police767,player,001-410-357-3291x76421,False,XL
1346458,April.Harmon@maine.edu,April.Harmon,author875,player,930-306-2840,False,XS
8790939,Jesus.Lee@maine.edu,Jesus.Lee,wonder401,player,(586)461-1937x16062,False,M
7080861,Kevin.Rivers.DVM@maine.edu,Kevin.Rivers.DVM,camera765,player,868.347.5036x2259,True,XL
6744990,Marissa.Martin@maine.edu,Marissa.Martin,make918,player,001-498-255-3582x0997,True,XS
2622365,Jennifer.Owens@maine.edu,Jennifer.Owens,coach618,player,244-477-2212x56625,False,XS
8563607,George.Mitchell@maine.edu,George.Mitchell,some535,player,276.444.5171x10741,False,S
4168611,Steven.Stewart@maine.edu,Steven.Stewart,according724,player,877-641-0155x95371,True,L
2722723,Alan.Perry@maine.edu,Alan.Perry,among844,player,241.907.6489,False,S
5585832,Susan.Foster@maine.edu,Susan.Foster,perform620,player,001-478-200-3507x85400,False,XS
5229481,Chad.Blankenship@maine.edu,Chad.Blankenship,all235,player,001-293-452-7579x5234,True,S
4326317,Jeffery.Andrews@maine.edu,Jeffery.Andrews,couple188,player,+1-487-771-1624x902,False,M
4895661,Mary.Howard@maine.edu,Mary.Howard,mean163,player,5818519170,True,L
8817583,Mandy.Johnson@maine.edu,Mandy.Johnson,nor203,player,478-972-8643x5428,True,M
4144047,Dustin.Anderson@maine.edu,Dustin.Anderson,run774,player,694.514.2196,True,XS
4854702,Joshua.Rodriguez@maine.edu,Joshua.Rodriguez,understand952,player,681.221.3859x70979,False,S
6446002,Brandon.Stanley@maine.edu,Brandon.Stanley,offer855,player,001-572-837-4386x225,True,XS
1866681,Cynthia.Hensley@maine.edu,Cynthia.Hensley,nation403,player,(228)532-5465,False,S
7189435,Jason.Jones@maine.edu,Jason.Jones,rock15,player,537-681-5691x0659,True,L
6839227,Debra.Stokes@maine.edu,Debra.Stokes,condition791,player,001-284-960-7538,False,XL
5462973,Isabella.Pena@maine.edu,Isabella.Pena,able686,player,606.767.9916x25256,True,L
3611581,Mary.Palmer@maine.edu,Mary.Palmer,so343,player,(622)878-6972x82846,False,L
7080899,Christopher.Taylor@maine.edu,Christopher.Taylor,pressure2,player,+1-324-492-2482,True,XS
6892484,Michael.Mosley@maine.edu,Michael.Mosley,movie927,player,330.873.0694x80784,True,S
5518281,Timothy.Johnson@maine.edu,Timothy.Johnson,church931,player,579.916.7518,True,M
8256463,Kathleen.Scott@maine.edu,Kathleen.Scott,rate723,player,+1-995-526-9324x67888,False,M
6161359,James.Krause@maine.edu,James.Krause,analysis766,player,+1-699-388-9968,False,S
8147922,Jason.Moran@maine.edu,Jason.Moran,its174,player,413.309.3378x8036,True,S
1895378,Daniel.Moss@maine.edu,Daniel.Moss,yeah111,player,697.582.0210x99441,False,L
3537877,Erin.Pitts@maine.edu,Erin.Pitts,ball166,player,(521)222-9139,False,XS
2233301,Kenneth.Bautista@maine.edu,Kenneth.Bautista,him14,player,660.318.2281x38170,False,XS
8494039,Melanie.White@maine.edu,Melanie.White,agree700,player,(580)847-9498x5012,True,L
4545495,Brian.Young@maine.edu,Brian.Young,for148,player,541-587-8033x850,True,XS
7400405,Laura.Carroll@maine.edu,Laura.Carroll,particularly860,player,805.565.5805,True,XS
9495514,Amber.Smith@maine.edu,Amber.Smith,drop773,player,772.209.2302x851,False,L
1989596,Jeremy.Garcia@maine.edu,Jeremy.Garcia,safe703,player,259-201-0693x8069,True,S
1924064,Brittany.Copeland@maine.edu,Brittany.Copeland,there395,player,5209658650,False,XS
6314977,Samuel.Berry@maine.edu,Samuel.Berry,minute687,player,812.482.2987x77069,True,L
5336034,Erin.Cherry@maine.edu,Erin.Cherry,go582,player,352-420-6626,False,L
8301540,Matthew.Andrews@maine.edu,Matthew.Andrews,other276,player,387.612.4888,True,XS
1928165,Samantha.Randolph@maine.edu,Samantha.Randolph,accept996,player,+1-243-381-7864x569,False,L
2714596,Stephen.Schultz@maine.edu,Stephen.Schultz,degree825,player,+1-772-833-4876,True,XS
8715239,Katelyn.Mason@maine.edu,Katelyn.Mason,yourself165,player,001-627-960-7202x6067,False,XS
1438698,Daniel.Parsons@maine.edu,Daniel.Parsons,growth465,player,386.231.6153,True,M
3875820,Michelle.Myers@maine.edu,Michelle.Myers,thousand236,player,+1-559-248-3442x340,True,XS
9292784,Robert.Byrd@maine.edu,Robert.Byrd,side668,player,(678)765-5782x9158,True,S
6771696,Charles.Spence@maine.edu,Charles.Spence,rather680,player,+1-393-203-2801,False,S
8756210,Tiffany.Gonzalez.PhD@maine.edu,Tiffany.Gonzalez.PhD,cup732,player,(808)949-1312x0309,True,M
9354230,Laura.Brown@maine.edu,Laura.Brown,bed62,player,+1-800-969-0776x8178,True,M
6878209,Brian.Chase@maine.edu,Brian.Chase,send328,player,956-584-5812,True,L
9335810,Anthony.Davis@maine.edu,Anthony.Davis,community401,player,4297087130,False,S
6538243,Jacqueline.Lopez@maine.edu,Jacqueline.Lopez,Democrat529,player,+1-739-304-2619x26415,True,XL
8817665,Kevin.Herring@maine.edu,Kevin.Herring,whole18,player,461.303.6055x790,True,S
5831688,Laura.Gibbs@maine.edu,Laura.Gibbs,city71,player,752.379.0453x18737,True,XS
2384907,Briana.Martin@maine.edu,Briana.Martin,increase468,player,(342)668-7036x147,False,S
9071628,Benjamin.Mcclure@maine.edu,Benjamin.Mcclure,score6,player,+1-251-946-8593x6177,False,XL
7646220,Ricky.Dougherty@maine.edu,Ricky.Dougherty,present876,player,(334)718-8470x03669,False,L
1690636,Todd.Johnson.III@maine.edu,Todd.Johnson.III,else134,player,4828801575,True,XS
8152079,Melissa.Arias@maine.edu,Melissa.Arias,beyond85,player,6989198688,True,XS
7683087,Mia.Harris@maine.edu,Mia.Harris,health276,player,923.788.5772,False,L
7312401,Misty.Schroeder@maine.edu,Misty.Schroeder,Republican491,player,(537)635-9555x64347,True,XL
5977103,Mary.Munoz@maine.edu,Mary.Munoz,community778,player,(231)422-8467x0595,True,M
6831123,Erin.Pearson@maine.edu,Erin.Pearson,police987,player,(334)301-9114,False,M
3968018,Kyle.Harrison@maine.edu,Kyle.Harrison,charge902,player,696.784.4421,False,L
4840467,Michael.Cowan@maine.edu,Michael.Cowan,end985,player,448.715.5816,True,L
8442908,Jennifer.Mcbride@maine.edu,Jennifer.Mcbride,old840,player,467-761-1905,False,M
7445535,Linda.Walters@maine.edu,Linda.Walters,cut69,player,(353)538-3544,True,S
8357882,Brandon.Wood@maine.edu,Brandon.Wood,fear386,player,600.881.5103x10149,False,M
9966628,Courtney.Carrillo@maine.edu,Courtney.Carrillo,Democrat6,player,001-318-839-7130,False,L
5276709,Jamie.Reynolds@maine.edu,Jamie.Reynolds,player762,player,(512)578-6038x62490,True,XS
4854822,Cynthia.Martin@maine.edu,Cynthia.Martin,everyone423,player,+1-597-594-5387x171,True,XL
8434730,Casey.Williams@maine.edu,Casey.Williams,finally623,player,276.916.6541x811,True,L
1913899,Andrea.Nichols@maine.edu,Andrea.Nichols,west741,player,(689)817-6998,False,L
5256239,Daniel.Tran@maine.edu,Daniel.Tran,effort856,player,8796188052,True,L
3329073,Erin.Allen@maine.edu,Erin.Allen,sister428,player,(655)900-7614x6255,True,XL
5825586,Toni.Mcguire@maine.edu,Toni.Mcguire,price631,player,(355)835-0920,True,S
3255351,Michael.Terry@maine.edu,Michael.Terry,quality323,player,001-784-560-0233x62064,False,S
9614393,Brian.Chung@maine.edu,Brian.Chung,box629,player,001-290-992-7997x58750,True,M
8623165,Brandon.Reeves@maine.edu,Brandon.Reeves,three238,player,599-873-1189,False,L
6798398,Angelica.Finley@maine.edu,Angelica.Finley,operation309,player,971.393.0931,True,L
6116419,Randall.Ramirez@maine.edu,Randall.Ramirez,first63,player,448.492.2451,False,M
7916612,Rebecca.Glover@maine.edu,Rebecca.Glover,common898,player,(578)839-9780,True,XL
5704778,Kevin.Diaz@maine.edu,Kevin.Diaz,public554,player,820-500-0660x8466,True,S
6446155,David.Mccarty@maine.edu,David.Mccarty,window115,player,360-559-6941,False,XS
3126348,Stephanie.Torres@maine.edu,Stephanie.Torres,war597,player,371.911.4484x4864,True,XL
2882634,Lisa.Jordan@maine.edu,Lisa.Jordan,seem146,player,454.823.4576,True,S
1092688,Alexis.Phillips@maine.edu,Alexis.Phillips,artist551,player,(425)641-7909,True,XS
6134865,Michelle.Carter@maine.edu,Michelle.Carter,water447,player,(395)863-7819,False,S
3808338,Timothy.Oneal@maine.edu,Timothy.Oneal,nation687,player,+1-720-443-8883x3885,False,XS
8447058,Lisa.Ball@maine.edu,Lisa.Ball,wind985,player,+1-620-496-2246,False,S
9651283,Brittany.Jones@maine.edu,Brittany.Jones,view426,player,9119132293,False,L
2757718,Brandon.Lopez@maine.edu,Brandon.Lopez,about690,player,798-543-7105x076,True,XS
2942039,Lori.Jackson@maine.edu,Lori.Jackson,point478,player,7348847660,True,XS
4736087,Nancy.Wilson@maine.edu,Nancy.Wilson,support970,player,(712)723-9553x027,True,S
7748695,Brandi.Rose@maine.edu,Brandi.Rose,open842,player,231-731-6962x4360,False,L
1854554,Sonya.Lee@maine.edu,Sonya.Lee,among834,player,554.878.0701,False,S
4158556,Paul.Shannon@maine.edu,Paul.Shannon,kind736,player,791.396.7536,False,M
8625248,Tanya.Baker@maine.edu,Tanya.Baker,test597,player,+1-536-811-0148x24566,False,XL
8445026,Amanda.Hardy@maine.edu,Amanda.Hardy,player366,player,495.638.6019x38461,True,XL
2432098,David.Williams@maine.edu,David.Williams,cause469,player,(994)597-1276,False,XL
6708332,Robert.Henderson@maine.edu,Robert.Henderson,expert123,player,232-545-3340x287,True,XS
5166191,Tyler.Jennings@maine.edu,Tyler.Jennings,last583,player,966.489.2676,False,XL
4293743,Gary.Harmon@maine.edu,Gary.Harmon,brother386,player,(547)712-6218x325,True,L
5008497,Jessica.Stark@maine.edu,Jessica.Stark,treat361,player,(513)341-1351x7447,True,M
3107951,Brandon.Kerr@maine.edu,Brandon.Kerr,reality283,player,001-786-232-8651x35165,True,L
2618480,Nathan.Crawford@maine.edu,Nathan.Crawford,white743,player,001-997-642-0358x078,True,XS
4056182,Samantha.Rodriguez@maine.edu,Samantha.Rodriguez,result685,player,509-365-4578x8710,False,S
9905270,Amber.Leonard@maine.edu,Amber.Leonard,feel684,player,271-219-2339,False,XS
7009405,Joel.Smith@maine.edu,Joel.Smith,agreement455,player,001-281-211-9046,False,S
8518784,Brandy.Ellison@maine.edu,Brandy.Ellison,show598,player,001-761-405-8461x8139,False,S
8010888,Regina.Roberson@maine.edu,Regina.Roberson,good582,player,7383491262,True,XL
4232328,Thomas.Lee@maine.edu,Thomas.Lee,type598,player,001-256-247-9376x6689,False,XS
2034826,John.Leach@maine.edu,John.Leach,event757,player,289-465-2233,False,XS
9780361,Sharon.Peterson.MD@maine.edu,Sharon.Peterson.MD,upon436,player,(708)821-7246x0575,False,XL
7154828,Heather.Lopez@maine.edu,Heather.Lopez,smile890,player,+1-695-970-0004x5718,True,XS
4277388,Shawna.Reid@maine.edu,Shawna.Reid,leg577,player,+1-647-746-7354,False,L
4553871,Jessica.Keller@maine.edu,Jessica.Keller,hour17,player,(677)421-6600,False,L
7214224,Melissa.Rich.DDS@maine.edu,Melissa.Rich.DDS,read937,player,+1-797-939-5916x120,True,S
6274197,Charles.Davis@maine.edu,Charles.Davis,anything865,player,(438)824-7785x3342,True,XS
8842392,Jimmy.Gillespie@maine.edu,Jimmy.Gillespie,glass392,player,746.592.7085,False,XS
5846169,Leonard.Hopkins@maine.edu,Leonard.Hopkins,establish805,player,509-665-4065,True,M
7836829,James.Wilson@maine.edu,James.Wilson,quite369,player,+1-667-761-6765x6867,True,XL
5885085,Dean.Anderson@maine.edu,Dean.Anderson,region554,player,+1-653-598-1209x87519,False,S
4082848,Stacey.Oliver@maine.edu,Stacey.Oliver,character159,player,(354)229-1787,False,L
6071457,Diane.Hunt@maine.edu,Diane.Hunt,get833,player,(513)970-7395x6343,False,XL
6759586,James.Trevino@maine.edu,James.Trevino,glass387,player,456-343-0857,True,XL
9333922,Charles.Silva@maine.edu,Charles.Silva,anything590,player,227-645-0216x445,False,XS
7343269,Jennifer.Watkins@maine.edu,Jennifer.Watkins,figure410,player,(511)979-5904x1712,False,L
9616549,Lisa.Diaz@maine.edu,Lisa.Diaz,describe917,player,001-276-753-7854x94962,True,XL
5014696,Patrick.Lewis@maine.edu,Patrick.Lewis,action937,player,731.322.3683x0175,False,M
7111848,Rebecca.Fry@maine.edu,Rebecca.Fry,again883,player,436-956-6491x320,False,S
1907884,Beverly.Castillo@maine.edu,Beverly.Castillo,manage859,player,001-433-801-2705x730,True,M
7099565,Patricia.Lane.DDS@maine.edu,Patricia.Lane.DDS,director835,player,872-523-3048x9807,True,S
6427824,Zachary.Bailey@maine.edu,Zachary.Bailey,begin748,player,849-578-0798x73646,True,XS
5467312,Joshua.Carter@maine.edu,Joshua.Carter,sometimes148,player,+1-802-226-4049x77668,False,L
9411762,Taylor.Parker@maine.edu,Taylor.Parker,mother222,player,298.531.2123x5350,False,M
9927859,Zachary.Collins@maine.edu,Zachary.Collins,gas313,player,997-434-6331x4406,True,M
5932212,Jillian.Mann@maine.edu,Jillian.Mann,number998,player,2188767941,False,XS
9469109,Evan.Brock@maine.edu,Evan.Brock,yet103,player,436.989.3581,False,XS
7095477,Kristin.Fernandez@maine.edu,Kristin.Fernandez,international360,player,001-897-694-5660x71549,False,XL
2954426,Robert.Smith@maine.edu,Robert.Smith,at647,player,001-552-493-8863x35089,False,L
2380987,Monica.Mcgrath@maine.edu,Monica.Mcgrath,key863,player,001-869-888-1143x436,False,M
6593723,Teresa.Joyce@maine.edu,Teresa.Joyce,some319,player,3047181593,True,L
6290621,Kevin.Park@maine.edu,Kevin.Park,program523,player,576.417.8544,True,S
6995133,Michael.Cole@maine.edu,Michael.Cole,series838,player,+1-726-812-1239x950,True,L
2563264,Terri.Williams@maine.edu,Terri.Williams,few38,player,6708069123,False,XL
8225988,Matthew.Ruiz@maine.edu,Matthew.Ruiz,great739,player,+1-593-756-2082x0251,True,M
4357317,Debra.Sanchez@maine.edu,Debra.Sanchez,measure578,player,203-663-7048x0348,False,XS
7582916,Ashley.Booker@maine.edu,Ashley.Booker,every301,player,001-785-691-8669x3791,True,S
6970568,Oscar.Clark@maine.edu,Oscar.Clark,pick525,player,001-216-221-9909x73806,True,M
5700810,Carolyn.Hunt@maine.edu,Carolyn.Hunt,so495,player,001-813-303-4872x6212,True,M
7664844,Michael.Garcia@maine.edu,Michael.Garcia,close394,player,001-401-561-3734x870,True,S
5629133,Denise.Smith@maine.edu,Denise.Smith,since936,player,9375921814,True,M
9114830,Amanda.Watkins@maine.edu,Amanda.Watkins,especially616,player,266-998-0010x056,False,S
5854413,Daniel.Murray@maine.edu,Daniel.Murray,can951,player,001-404-629-4636x218,False,XS
3015893,Brittney.Walker@maine.edu,Brittney.Walker,though870,player,+1-617-506-7628x017,True,XL
3419351,Joseph.Perry@maine.edu,Joseph.Perry,score707,player,(646)443-6072x148,True,XL
2251992,James.Dean@maine.edu,James.Dean,write761,player,(868)622-4298,True,S
6556893,James.Atkinson@maine.edu,James.Atkinson,few295,player,747-703-9225,False,L
6063326,Alfred.Cooper@maine.edu,Alfred.Cooper,week918,player,449.233.4487x151,False,S
3849440,Colton.Delacruz@maine.edu,Colton.Delacruz,bank223,player,5654932852,True,XS
7527651,Colton.Torres@maine.edu,Colton.Torres,bit217,player,417.400.9092x78265,True,XS
6782182,Paul.Smith@maine.edu,Paul.Smith,different729,player,001-862-722-3624x6845,True,S
3933415,Johnny.King@maine.edu,Johnny.King,likely359,player,001-394-582-6390x987,False,XS
1187048,Anne.Cruz@maine.edu,Anne.Cruz,just869,player,316.427.7525x97909,True,M
8080617,Zachary.Anderson@maine.edu,Zachary.Anderson,daughter72,player,+1-201-226-4868x402,False,M
4707566,Miranda.Durham@maine.edu,Miranda.Durham,upon206,player,588.346.2377x6773,False,XL
6817009,Timothy.Kaiser@maine.edu,Timothy.Kaiser,baby771,player,951-651-9650x81348,False,XS
5692658,Ryan.Kelley@maine.edu,Ryan.Kelley,what55,player,+1-720-771-7398,True,M
6270195,Jennifer.Russell@maine.edu,Jennifer.Russell,along218,player,001-743-327-1205,False,S
8350964,Sandra.Smith@maine.edu,Sandra.Smith,guy771,player,6253595733,True,XS
9768180,Katherine.Hernandez@maine.edu,Katherine.Hernandez,eight328,player,+1-358-260-0983x4737,False,S
6819062,Mark.Johns@maine.edu,Mark.Johns,fall846,player,966.222.2688x97647,True,S
9686264,Scott.Hall@maine.edu,Scott.Hall,performance774,player,679.700.0160,False,M
6413560,Leslie.Jones@maine.edu,Leslie.Jones,however849,player,(397)939-0630,True,XL
7945468,Sharon.Adams@maine.edu,Sharon.Adams,as669,player,001-234-580-7929x2687,False,XS
3962108,Joseph.Smith@maine.edu,Joseph.Smith,history587,player,934-239-5089,True,M
5184768,Jonathan.Khan@maine.edu,Jonathan.Khan,hospital261,player,495-416-5634x4298,False,XS
2665731,Diana.Walker@maine.edu,Diana.Walker,commercial378,player,+1-683-300-4323x73769,True,M
7421188,Mr..Douglas.Wagner@maine.edu,Mr..Douglas.Wagner,forward806,player,301.427.5449x85535,False,S
1940741,Patricia.Reyes@maine.edu,Patricia.Reyes,within641,player,264.696.8260x3962,True,XS
9397141,Arthur.Wang@maine.edu,Arthur.Wang,life68,player,(593)271-1592,False,S
3149063,Kenneth.Dodson@maine.edu,Kenneth.Dodson,third510,player,(513)483-5833x442,True,M
6905096,Keith.Porter@maine.edu,Keith.Porter,song129,player,(427)532-9974x321,False,L
3503372,Donna.Flores@maine.edu,Donna.Flores,fly153,player,777-811-2039,False,XS
3355918,Gary.Barajas@maine.edu,Gary.Barajas,buy674,player,656.307.3935,False,M
7732495,Sarah.Green@maine.edu,Sarah.Green,strong264,player,692.983.3649x876,False,M
6110482,Rita.Johnson@maine.edu,Rita.Johnson,way414,player,(617)686-7765x561,True,XS
6565138,Sarah.Jones@maine.edu,Sarah.Jones,near803,player,+1-290-647-3852,True,XL
8643862,Michael.Rogers@maine.edu,Michael.Rogers,view289,player,(390)252-7460x3765,True,M
4058392,Joanna.Hall@maine.edu,Joanna.Hall,environmental11,player,931-865-9552x3641,False,M
4756763,Julie.Anthony@maine.edu,Julie.Anthony,physical182,player,378.657.3505,True,XL
1129756,Lori.Cox@maine.edu,Lori.Cox,outside371,player,488-236-8716,False,XL
2780445,Elizabeth.Williams@maine.edu,Elizabeth.Williams,play376,player,001-513-245-8972x3835,False,M
3083552,Michelle.Scott@maine.edu,Michelle.Scott,back626,player,001-596-641-0135x3247,True,M
6477089,John.Gibson@maine.edu,John.Gibson,with586,player,(453)637-7339x273,True,XL
1091578,Brian.Marshall@maine.edu,Brian.Marshall,common717,player,936-784-6996x78786,True,XS
7828771,Craig.Harris@maine.edu,Craig.Harris,effort422,player,(596)299-3582x86155,True,L
6485284,Sandra.Carter@maine.edu,Sandra.Carter,name518,player,+1-453-560-4110x36148,False,L
2716966,Nicholas.Miller@maine.edu,Nicholas.Miller,skill485,player,835.290.0197,False,XS
3974439,Natalie.Lewis@maine.edu,Natalie.Lewis,ask222,player,001-962-297-4047x70112,True,L
3355944,Ms..Karen.Rivera@maine.edu,Ms..Karen.Rivera,sort798,player,505.401.1326,False,L
8285484,Blake.Davis@maine.edu,Blake.Davis,group428,player,(417)697-6074x308,True,S
2436399,Dr..Abigail.Cowan.MD@maine.edu,Dr..Abigail.Cowan.MD,cell46,player,(603)936-6909x46668,True,S
1359152,Tommy.Gonzalez@maine.edu,Tommy.Gonzalez,course587,player,709.463.0354x542,False,M
4224305,Ryan.Morales@maine.edu,Ryan.Morales,trip832,player,2722039138,True,S
9747760,Jennifer.White@maine.edu,Jennifer.White,more617,player,672-520-6984,True,S
7916855,Michael.Bird@maine.edu,Michael.Bird,involve862,player,+1-281-959-7603,True,L
7849279,Matthew.Wilson@maine.edu,Matthew.Wilson,six299,player,290-672-4132x13101,False,L
8856897,Carla.Leonard@maine.edu,Carla.Leonard,future79,player,229-705-0360,True,L
8844610,Sarah.Campbell@maine.edu,Sarah.Campbell,grow146,player,2065695586,True,M
3802434,Katherine.Bailey@maine.edu,Katherine.Bailey,easy771,player,407.495.6159,False,XS
6653252,Joshua.Mendoza@maine.edu,Joshua.Mendoza,eight177,player,(387)941-9237,True,S
5160262,Stefanie.Bass@maine.edu,Stefanie.Bass,myself107,player,(251)934-1907,True,M
8179014,Valerie.Green@maine.edu,Valerie.Green,society928,player,(534)522-6297x13241,True,XL
4705608,Thomas.Terrell@maine.edu,Thomas.Terrell,court211,player,993-410-2216x699,False,S
6753611,Peter.Johnson@maine.edu,Peter.Johnson,set336,player,883-465-3603,False,M
2886988,Antonio.Mccarthy@maine.edu,Antonio.Mccarthy,agent334,player,906.617.0221x027,True,L
9680205,Katrina.Grant@maine.edu,Katrina.Grant,fear928,player,674-482-5856x468,False,L
9016656,Charles.Wright@maine.edu,Charles.Wright,grow447,player,343.874.5085x10062,False,M
8353105,Mark.Smith@maine.edu,Mark.Smith,world868,player,(511)493-0777,True,XL
6706514,Ryan.Hall@maine.edu,Ryan.Hall,seem999,player,625-291-3405,False,S
5420373,Jennifer.Jones@maine.edu,Jennifer.Jones,tonight625,player,+1-578-228-8559x9516,True,M
3519832,Eric.Wilson@maine.edu,Eric.Wilson,off182,player,001-693-280-3072x90553,False,L
1396057,Daniel.James@maine.edu,Daniel.James,actually526,player,613.553.7477x7728,False,S
4986203,John.Phillips@maine.edu,John.Phillips,late303,player,314.896.8184x974,False,XS
4496733,Karina.Martin@maine.edu,Karina.Martin,environmental865,player,(291)833-2347x3303,True,M
1889632,Matthew.Ball@maine.edu,Matthew.Ball,near95,player,795.298.8706,True,XL
3849573,Joseph.Brown@maine.edu,Joseph.Brown,heart872,player,001-256-713-1372,False,XS
1439078,Joseph.Scott@maine.edu,Joseph.Scott,finish500,player,331.643.0411x02890,True,XS
6770023,Marvin.Smith@maine.edu,Marvin.Smith,there445,player,2692575078,False,S
3196262,Jerry.Anderson@maine.edu,Jerry.Anderson,operation333,player,338.594.6009x0198,False,L
3544425,Laurie.Arroyo@maine.edu,Laurie.Arroyo,energy612,player,001-666-884-0273,False,M
1308006,Michael.Wallace@maine.edu,Michael.Wallace,capital420,player,651.961.9513,True,S
6651244,Monique.Bowen@maine.edu,Monique.Bowen,grow241,player,+1-501-306-3454x450,True,XL
9403760,Oscar.Murphy@maine.edu,Oscar.Murphy,form30,player,(547)833-1950x955,True,L
2264433,Jenny.Fields@maine.edu,Jenny.Fields,direction926,player,3236683428,True,M
8992115,Seth.Porter@maine.edu,Seth.Porter,position910,player,001-624-958-6022x931,False,XL
2006388,Thomas.Morris@maine.edu,Thomas.Morris,fine26,player,823.212.3089x43886,False,L
7435638,Ashley.Jones@maine.edu,Ashley.Jones,write853,player,+1-842-991-1672x151,True,S
1262967,Kevin.Jones@maine.edu,Kevin.Jones,song175,player,001-455-906-7961x7734,False,S
9497976,Chris.Smith@maine.edu,Chris.Smith,south642,player,001-356-980-2582x00228,True,M
9155961,Jerry.Jacobs@maine.edu,Jerry.Jacobs,thus762,player,6066794540,False,XS
7544186,David.Santana@maine.edu,David.Santana,market937,player,589-736-2495x371,True,XL
6202748,Zachary.Lewis@maine.edu,Zachary.Lewis,answer610,player,233.486.5972x40560,False,XS
4744572,Jason.Robertson@maine.edu,Jason.Robertson,future767,player,541.442.6848x55043,False,XS
6401407,Denise.Mclean@maine.edu,Denise.Mclean,else147,player,932.663.8905,True,L
6350209,Diana.Hughes@maine.edu,Diana.Hughes,sport157,player,5299318000,False,M
3693954,Rebecca.Sandoval.DDS@maine.edu,Rebecca.Sandoval.DDS,writer438,player,862-511-1664x73644,False,S
1750403,Mary.Lester@maine.edu,Mary.Lester,change536,player,248.548.8282,False,XS
5662085,Crystal.Diaz@maine.edu,Crystal.Diaz,total340,player,(661)531-6804x516,True,L
3702152,Kathy.Vincent@maine.edu,Kathy.Vincent,letter507,player,+1-553-660-7474x11045,False,S
9864584,Kimberly.Hodges@maine.edu,Kimberly.Hodges,responsibility895,player,(904)949-2561,True,M
3503499,Katie.Strickland@maine.edu,Katie.Strickland,sign10,player,(529)237-6536x08692,False,XL
8621451,Christina.Kelly@maine.edu,Christina.Kelly,mind268,player,+1-943-248-0826x187,False,XL
8805774,Terry.Howard@maine.edu,Terry.Howard,interview61,player,264.227.7884,True,XL
5588368,Taylor.Calderon@maine.edu,Taylor.Calderon,long436,player,(386)722-4252x637,True,M
4916624,Sergio.Henson@maine.edu,Sergio.Henson,offer405,player,422-928-4752x345,False,XL
1803666,Kevin.Clark@maine.edu,Kevin.Clark,page840,player,4236888905,False,XS
8351123,Brandon.Holmes@maine.edu,Brandon.Holmes,expert29,player,699.665.1773,True,XS
8668564,Donna.Kirk@maine.edu,Donna.Kirk,myself893,player,938.818.8594x04040,True,XS
4115863,Tanya.Riley@maine.edu,Tanya.Riley,late37,player,6879288577,False,L
5418395,Rebekah.Porter@maine.edu,Rebekah.Porter,book454,player,545.222.1302x2899,True,XS
7603616,Timothy.Ortiz@maine.edu,Timothy.Ortiz,call93,player,+1-258-693-8948x440,False,M
3685793,Mary.Martinez@maine.edu,Mary.Martinez,brother716,player,591-385-5429,True,M
1451426,Cassandra.Ferguson@maine.edu,Cassandra.Ferguson,reflect402,player,(614)767-5268,False,S
3003817,Miranda.Cooper@maine.edu,Miranda.Cooper,program115,player,626-567-8299,False,S
4982186,Rodney.Pearson@maine.edu,Rodney.Pearson,yourself315,player,+1-356-487-1309x953,True,S
9467308,Tonya.Cunningham@maine.edu,Tonya.Cunningham,smile727,player,597.920.9885x631,True,L
3159469,Karl.Yang@maine.edu,Karl.Yang,table775,player,5236208490,True,XL
4593070,Frank.Young@maine.edu,Frank.Young,form211,player,9704159221,True,XL
7361969,Randall.Turner@maine.edu,Randall.Turner,operation201,player,279-490-2540x29074,True,S
8609203,Cindy.Wright@maine.edu,Cindy.Wright,thank224,player,001-841-970-2838,False,XS
9233848,Lawrence.Phillips@maine.edu,Lawrence.Phillips,try313,player,968-251-4211x67380,True,XS
6458810,Amy.Stone@maine.edu,Amy.Stone,position438,player,001-511-514-7929x8809,False,S
9483708,Heather.Wong@maine.edu,Heather.Wong,majority3,player,409-895-4097x038,True,L
1881536,Ashlee.Cruz@maine.edu,Ashlee.Cruz,control473,player,570-237-5086x08286,False,L
5862848,Dr..Adam.Hamilton@maine.edu,Dr..Adam.Hamilton,seven101,player,001-514-509-9452,False,M
7595462,Jermaine.Novak.Jr.@maine.edu,Jermaine.Novak.Jr.,many670,player,(378)851-8504x9453,True,M
7284169,Mr..Michael.Lyons@maine.edu,Mr..Michael.Lyons,country665,player,(617)845-6939,True,XS
3016139,Jordan.Garcia@maine.edu,Jordan.Garcia,role16,player,(588)877-0373x25533,False,S
4345292,Jeffery.Lopez@maine.edu,Jeffery.Lopez,almost65,player,+1-770-986-6999x52525,True,M
9711051,James.Jackson@maine.edu,James.Jackson,before330,player,(879)418-7820x031,False,XL
6342095,Travis.Wood@maine.edu,Travis.Wood,federal549,player,463-981-0432,True,XS
6116816,Willie.Burton@maine.edu,Willie.Burton,actually135,player,(902)593-0115,True,XS
8871376,Lisa.Oconnell@maine.edu,Lisa.Oconnell,a177,player,+1-722-927-6280,True,M
9180627,Kevin.Estrada@maine.edu,Kevin.Estrada,step265,player,001-204-981-3043x5323,False,L
5137881,Megan.Ball@maine.edu,Megan.Ball,cell204,player,687.567.2983x666,True,XS
5850586,Timothy.Parsons@maine.edu,Timothy.Parsons,site196,player,833.918.4130x0708,True,XL
9528793,Edward.Lynch@maine.edu,Edward.Lynch,fact10,player,660-921-8182x6275,True,S
9182684,Brandon.Garza@maine.edu,Brandon.Garza,today266,player,7667012131,True,XL
6415843,James.Lewis@maine.edu,James.Lewis,practice359,player,(452)675-1732x9869,False,M
7863780,Michelle.Watson@maine.edu,Michelle.Watson,amount253,player,553-566-1209,False,S
3988971,Gerald.Graham@maine.edu,Gerald.Graham,president618,player,001-886-533-1877x3541,False,XS
1621484,Katherine.Perez@maine.edu,Katherine.Perez,past670,player,435.960.3837,False,S
8226286,Nathan.Chavez@maine.edu,Nathan.Chavez,who715,player,456-770-4645,True,M
7077359,Shannon.Perez@maine.edu,Shannon.Perez,exist882,player,(645)980-2119,True,M
9872880,Taylor.Sullivan@maine.edu,Taylor.Sullivan,specific630,player,(916)249-1739,True,XL
4431345,Kathryn.Sanchez@maine.edu,Kathryn.Sanchez,inside551,player,(531)500-0498,True,M
2602482,Christopher.Turner@maine.edu,Christopher.Turner,pull492,player,001-833-299-4542x713,True,L
3579379,April.Brown@maine.edu,April.Brown,a33,player,396-607-0878,False,M
7499257,Joseph.Wilson@maine.edu,Joseph.Wilson,determine108,player,361.820.8870x8827,True,M
8486399,James.Brown@maine.edu,James.Brown,adult613,player,+1-807-829-8611,True,XL
7437824,Brett.Frank@maine.edu,Brett.Frank,fish36,player,484.538.8671x71233,True,XL
7923199,Christopher.Butler@maine.edu,Christopher.Butler,old440,player,4696130243,False,XS
5041666,Jenny.Bryant@maine.edu,Jenny.Bryant,week996,player,454.762.6962x4632,False,XL
2874884,Robert.Salinas@maine.edu,Robert.Salinas,site576,player,991-855-3906x2422,False,XS
2151941,Jeremy.Ray@maine.edu,Jeremy.Ray,per518,player,(726)703-9540x58115,False,L
6147593,Cynthia.Coffey@maine.edu,Cynthia.Coffey,plan667,player,685.920.2844x9220,False,M
4347401,Austin.Alexander@maine.edu,Austin.Alexander,through470,player,540-490-9518,True,L
3747339,Corey.Rivera@maine.edu,Corey.Rivera,success712,player,+1-303-526-5964x337,True,XS
9993739,Daniel.Higgins@maine.edu,Daniel.Higgins,general999,player,(488)309-1867,False,L
8029710,Timothy.Garcia@maine.edu,Timothy.Garcia,cold292,player,001-579-769-4578x65267,False,XL
2047502,Meredith.Johnson@maine.edu,Meredith.Johnson,mind208,player,949.670.9792x9762,True,XS
1173006,Tyrone.Lopez@maine.edu,Tyrone.Lopez,happy642,player,492.555.7295x34981,False,L
1441298,Heather.Peterson@maine.edu,Heather.Peterson,whether738,player,338.233.3301x5124,True,L
9643539,Emily.Miller@maine.edu,Emily.Miller,inside841,player,001-623-462-4175x169,False,XL
2516500,William.Miller@maine.edu,William.Miller,window910,player,001-556-362-7275x3136,True,XS
8971797,Michael.Rose@maine.edu,Michael.Rose,practice455,player,856-524-8474x7053,True,XL
1263126,Robert.Perez@maine.edu,Robert.Perez,cut765,player,+1-851-551-0825x52317,True,S
9311770,Dakota.Luna@maine.edu,Dakota.Luna,or814,player,+1-843-570-8166x43920,False,M
7204381,Tara.Lewis@maine.edu,Tara.Lewis,no355,player,(411)253-0425,False,M
7290397,James.Jacobs@maine.edu,James.Jacobs,large196,player,001-617-755-9806x445,True,M
2610721,Jeremy.Smith@maine.edu,Jeremy.Smith,better149,player,(737)722-5066x45628,False,M
9352739,Mr..Douglas.Neal.DDS@maine.edu,Mr..Douglas.Neal.DDS,these634,player,+1-481-611-1932x8225,True,M
5428772,Natalie.Crane@maine.edu,Natalie.Crane,difficult779,player,247-992-8813,True,S
7466533,Terry.Malone@maine.edu,Terry.Malone,away299,player,406.330.3003,False,XS
9489955,Sara.Lewis@maine.edu,Sara.Lewis,firm753,player,477.756.1339,True,XS
4937252,Alicia.Reed@maine.edu,Alicia.Reed,yes941,player,(792)500-3709,False,M
7915049,Erica.Barnett@maine.edu,Erica.Barnett,popular556,player,775.546.2960x17516,True,S
7994935,Ashley.Garcia@maine.edu,Ashley.Garcia,imagine560,player,001-720-253-9441x669,False,S
6002232,Kelly.Murillo@maine.edu,Kelly.Murillo,piece636,player,2975115821,True,XS
9598521,James.Williams@maine.edu,James.Williams,single796,player,(318)952-5476,True,L
3075644,William.Thomas@maine.edu,William.Thomas,least913,player,977.945.5940x825,True,XS
8283711,Casey.Barnes@maine.edu,Casey.Barnes,begin755,player,(888)994-4751,True,M
9236034,Barbara.Fisher@maine.edu,Barbara.Fisher,another322,player,+1-779-419-2901x631,False,L
9584195,Brett.Dennis@maine.edu,Brett.Dennis,look976,player,735-710-0323,False,XL
1769028,Richard.Alvarez@maine.edu,Richard.Alvarez,police173,player,(420)314-8440,True,M
5004869,Michael.Curry@maine.edu,Michael.Curry,arrive884,player,294.922.9413,True,XL
1730117,Martin.Wilkerson@maine.edu,Martin.Wilkerson,south16,player,(274)645-5849,False,S
1375815,Mr..Brandon.Willis@maine.edu,Mr..Brandon.Willis,need468,player,+1-687-402-1293,True,M
7808584,Joshua.Wallace@maine.edu,Joshua.Wallace,deep243,player,356.599.1952,True,L
5795405,Gina.Costa@maine.edu,Gina.Costa,watch740,player,+1-779-562-7539x3589,True,M
8740431,Linda.Rhodes@maine.edu,Linda.Rhodes,actually844,player,(989)992-6879x5295,False,S
9324115,Daniel.Stevens@maine.edu,Daniel.Stevens,behind269,player,+1-207-408-4594x37080,True,L
6178387,Benjamin.Powers@maine.edu,Benjamin.Powers,great382,player,001-340-761-3669x0304,True,S
3606102,Casey.Fuller@maine.edu,Casey.Fuller,entire298,player,(785)981-5559,False,L
4042327,Shawn.Butler@maine.edu,Shawn.Butler,upon934,player,(572)917-4099,True,XS
6686296,Kayla.White@maine.edu,Kayla.White,former344,player,714.758.8835,False,S
2944601,Jessica.Torres@maine.edu,Jessica.Torres,someone334,player,254.293.8225x6561,True,XS
4816479,Amy.Reid@maine.edu,Amy.Reid,activity85,player,869-508-1794x77221,True,M
7167587,Jill.Scott@maine.edu,Jill.Scott,century168,player,672.732.6127,True,M
1232484,Michael.Price@maine.edu,Michael.Price,guy576,player,998.217.9892x8899,False,XL
6653544,Matthew.Stevens@maine.edu,Matthew.Stevens,moment4,player,679.536.1520x154,False,XS
2825832,Ebony.Perez@maine.edu,Ebony.Perez,economic925,player,402-843-6191x868,True,XL
4634218,Kevin.Smith@maine.edu,Kevin.Smith,account598,player,423-269-4471x52942,False,L
5332586,Gregory.Mejia@maine.edu,Gregory.Mejia,international836,player,(307)407-9625x23731,True,XS
5912168,Nathan.Williamson@maine.edu,Nathan.Williamson,less779,player,490-389-3702x18480,False,XL
5113453,Jimmy.Hood@maine.edu,Jimmy.Hood,rise302,player,281.499.6307,True,M
4970100,Carl.Acevedo@maine.edu,Carl.Acevedo,human44,player,6832885779,True,L
4523639,Nichole.Guzman@maine.edu,Nichole.Guzman,probably491,player,001-241-385-8860,True,XS
7526016,Colin.Montoya@maine.edu,Colin.Montoya,the235,player,001-700-507-8501x800,False,M
6764162,Kathleen.Salazar@maine.edu,Kathleen.Salazar,could914,player,(575)230-5365x275,False,M
4851332,Robert.Harmon@maine.edu,Robert.Harmon,open659,player,+1-793-900-2660x258,False,S
6000260,Abigail.Myers@maine.edu,Abigail.Myers,want835,player,+1-498-834-8157x6094,True,XL
9504391,Brian.Petersen@maine.edu,Brian.Petersen,check782,player,001-311-221-3557x42880,False,L
8261258,Melissa.Simmons@maine.edu,Melissa.Simmons,parent536,player,313-217-3510x082,False,XS
3006091,Robert.Fuller@maine.edu,Robert.Fuller,hospital481,player,001-581-413-3198x21658,True,S
3825297,Alexander.Roberts@maine.edu,Alexander.Roberts,mother178,player,919-571-5976x8118,True,M
2920083,Patricia.Garcia@maine.edu,Patricia.Garcia,pressure479,player,6309617068,False,S
5936788,Ashley.Garcia@maine.edu,Ashley.Garcia,must15,player,+1-311-806-5031x91697,False,L
9510549,Benjamin.Tapia@maine.edu,Benjamin.Tapia,chance186,player,001-379-840-2478x8930,True,L
5326484,Amber.Cunningham@maine.edu,Amber.Cunningham,miss657,player,(753)487-1392x60145,False,S
1119896,Brandon.Hardy@maine.edu,Brandon.Hardy,indeed145,player,001-919-870-8915x77993,False,S
2584217,Jessica.Finley@maine.edu,Jessica.Finley,home264,player,970-894-7157,False,XS
2866843,Zachary.Leblanc@maine.edu,Zachary.Leblanc,land569,player,(339)375-4957x15010,True,S
3810971,Taylor.Jacobson@maine.edu,Taylor.Jacobson,structure261,player,001-484-862-2852,True,XS
2109085,Elizabeth.Torres@maine.edu,Elizabeth.Torres,possible682,player,+1-282-930-5626x13243,True,M
3638942,Nicole.Cannon@maine.edu,Nicole.Cannon,look986,player,(389)320-9971x6603,True,S
7288479,James.Woodward@maine.edu,James.Woodward,century238,player,001-371-971-2533,True,XS
2485923,Kathryn.Carlson@maine.edu,Kathryn.Carlson,position599,player,413-555-5932x2323,False,XS
8496806,Jesse.Allen@maine.edu,Jesse.Allen,save936,player,588.702.1705x18902,True,M
2072230,Cheryl.Wright@maine.edu,Cheryl.Wright,citizen861,player,+1-438-972-0345x262,True,M
5467814,Robert.Smith@maine.edu,Robert.Smith,support31,player,987-747-0926,False,XS
9774762,Glenn.Richardson@maine.edu,Glenn.Richardson,environment767,player,753-924-2769x30414,True,XL
3202732,Brittany.Knight@maine.edu,Brittany.Knight,then96,player,342-200-7551,False,S
6082222,Steven.Wu@maine.edu,Steven.Wu,late650,player,+1-672-617-5747x40475,True,S
2653874,Dana.Floyd@maine.edu,Dana.Floyd,physical825,player,495-967-7968x108,False,L
1144499,Gregory.Nichols@maine.edu,Gregory.Nichols,remember729,player,724-908-0274,False,XL
1484470,Heather.Harris@maine.edu,Heather.Harris,shake400,player,791-335-5164,True,XL
1877687,Timothy.Hernandez@maine.edu,Timothy.Hernandez,film662,player,+1-788-345-8461,True,S
8550072,Christopher.Wilson@maine.edu,Christopher.Wilson,across763,player,501-762-0874x734,True,XL
9887416,Dustin.Thomas@maine.edu,Dustin.Thomas,bring638,player,(719)667-0864,False,M
4071099,Erika.Perez@maine.edu,Erika.Perez,popular66,player,518-765-8962x5513,False,XS
1844927,Blake.Richardson@maine.edu,Blake.Richardson,party922,player,638-791-6263x38993,False,M
7724735,Rodney.Medina@maine.edu,Rodney.Medina,receive892,player,(429)273-5872x8806,True,XS
1099457,Carl.Bryan@maine.edu,Carl.Bryan,story842,player,859.872.7559x32862,False,S
6293186,Chris.Jones@maine.edu,Chris.Jones,hair196,player,4796421736,True,M
2811587,James.Taylor@maine.edu,James.Taylor,accept541,player,374-238-3111x6306,False,XL
8967874,Daniel.Peck@maine.edu,Daniel.Peck,front431,player,(684)952-1212,True,XL
9508549,Christopher.Rivera@maine.edu,Christopher.Rivera,civil766,player,+1-742-288-8639x21103,True,S
2524870,James.Johnson@maine.edu,James.Johnson,subject104,player,+1-707-355-1520x83133,True,XL
1152711,Christopher.Peterson@maine.edu,Christopher.Peterson,seven105,player,001-310-523-7204x865,True,XL
3712711,Pamela.Schroeder@maine.edu,Pamela.Schroeder,at965,player,+1-890-601-1828x63126,True,L
6678208,Joshua.Hunt.PhD@maine.edu,Joshua.Hunt.PhD,practice617,player,+1-303-766-0324x2256,True,L
5068490,Raymond.Poole@maine.edu,Raymond.Poole,can136,player,001-244-464-2397x208,True,XL
6985419,Mr..Paul.Rodriguez@maine.edu,Mr..Paul.Rodriguez,travel222,player,865.464.5202,False,S
1429196,Andrea.Barnes@maine.edu,Andrea.Barnes,beautiful414,player,+1-261-853-7881x10110,False,XL
2936525,Bryan.Vincent@maine.edu,Bryan.Vincent,training285,player,251-265-5017x10156,False,S
4771530,Tyler.Brown@maine.edu,Tyler.Brown,western388,player,729.565.7050x613,False,L
4587221,Brian.David@maine.edu,Brian.David,international637,player,887-388-1227,True,L
1605337,Michael.Lambert@maine.edu,Michael.Lambert,occur896,player,7349452310,True,L
1638105,Jonathan.West@maine.edu,Jonathan.West,during367,player,603.576.6024x147,True,XS
9817818,Daniel.Schmidt@maine.edu,Daniel.Schmidt,nice553,player,2929724422,True,M
3755743,Jordan.Ballard@maine.edu,Jordan.Ballard,base139,player,699-257-2143x723,True,XL
4486879,Micheal.Sexton@maine.edu,Micheal.Sexton,my43,player,001-308-566-6358,True,XS
7601892,Caroline.Woodard@maine.edu,Caroline.Woodard,suffer80,player,(740)854-7462,True,L
8193766,Kirk.Ramirez@maine.edu,Kirk.Ramirez,pass441,player,725-339-1713,True,S
3311335,Angela.Hampton@maine.edu,Angela.Hampton,oil362,player,+1-457-293-9355,True,XL
4273896,Anna.Burns@maine.edu,Anna.Burns,economic79,player,5742025976,False,XL
3782377,Barbara.Bush@maine.edu,Barbara.Bush,former978,player,(896)341-9013,False,S
6442730,Kimberly.Warren@maine.edu,Kimberly.Warren,door194,player,+1-738-469-8194,True,S
8230637,Laura.White@maine.edu,Laura.White,thought626,player,+1-451-970-9204x876,False,XL
8144624,Dennis.Waters@maine.edu,Dennis.Waters,understand979,player,257-752-8136,True,XL
6180592,Cameron.Long@maine.edu,Cameron.Long,shake160,player,+1-748-771-3074,True,XL
1912560,Caitlin.Elliott@maine.edu,Caitlin.Elliott,stock487,player,751-913-3790x055,True,XS
4458227,Barbara.Grant@maine.edu,Barbara.Grant,future625,player,241-810-2250,True,XL
8484596,Ian.Dominguez@maine.edu,Ian.Dominguez,amount62,player,839.866.2166,False,L
2170608,Anthony.Chavez@maine.edu,Anthony.Chavez,magazine80,player,832.472.4042,True,XS
4437744,Jennifer.Roberson@maine.edu,Jennifer.Roberson,art747,player,(983)361-5432x6413,False,XL
5887736,Justin.Myers@maine.edu,Justin.Myers,beyond79,player,421-274-1427x98121,True,S
1963770,Ryan.Martinez@maine.edu,Ryan.Martinez,lead558,player,935.733.6122x20764,True,S
3213050,Blake.Porter@maine.edu,Blake.Porter,past645,player,670.773.5591x22117,True,XL
9070332,Nicole.Williams@maine.edu,Nicole.Williams,work329,player,001-670-294-0079,True,XL
7407355,Rachel.Neal@maine.edu,Rachel.Neal,use984,player,377-578-6636x7202,False,M
1613566,David.Smith@maine.edu,David.Smith,especially109,player,610.897.0284,True,S
8099583,Lauren.Aguilar@maine.edu,Lauren.Aguilar,couple28,player,(559)485-0415x765,False,S
1660672,Valerie.Dominguez@maine.edu,Valerie.Dominguez,land644,player,629.594.7954x57706,True,L
7745281,Justin.Solis@maine.edu,Justin.Solis,tax718,player,9052421767,True,XL
8193790,Veronica.Kennedy@maine.edu,Veronica.Kennedy,population876,player,791.316.6447x847,True,XL
1302275,Megan.Nguyen@maine.edu,Megan.Nguyen,with134,player,610.336.6118,True,XL
7345915,Mr..Nathan.Ramirez.PhD@maine.edu,Mr..Nathan.Ramirez.PhD,explain805,player,+1-422-218-2997x63950,True,L
6016773,Christopher.Lindsey@maine.edu,Christopher.Lindsey,share77,player,394.607.2029x988,False,L
3290891,John.Johnson@maine.edu,John.Johnson,your619,player,(739)440-4227,False,XS
2529036,Joseph.Stephens@maine.edu,Joseph.Stephens,manager219,player,+1-357-915-6172x92977,True,S
2346765,Candice.Ball@maine.edu,Candice.Ball,letter371,player,840-701-1324x4545,False,XL
8148749,Caitlin.Reid@maine.edu,Caitlin.Reid,identify845,player,557.498.3460x025,True,M
4505359,Douglas.Flores@maine.edu,Douglas.Flores,type426,player,(993)944-1790x85465,False,XL
1668880,Chelsea.Martin@maine.edu,Chelsea.Martin,for991,player,(410)992-9938x7042,False,XS
6657807,Dustin.Flores@maine.edu,Dustin.Flores,doctor985,player,(819)658-7011x90750,True,L
6661902,Brian.Miller@maine.edu,Brian.Miller,win549,player,+1-315-597-6125x639,True,S
7569174,Tina.Hamilton@maine.edu,Tina.Hamilton,lead71,player,001-528-590-3829x3042,False,XS
9576215,Cynthia.Patrick@maine.edu,Cynthia.Patrick,already679,player,756-533-7494x79874,True,XL
4847384,Thomas.Powers.Jr.@maine.edu,Thomas.Powers.Jr.,medical265,player,235.830.7297x3128,True,XS
4296474,Destiny.Greene@maine.edu,Destiny.Greene,speak155,player,(236)852-6921,False,S
7964443,Lisa.Turner@maine.edu,Lisa.Turner,wonder458,player,+1-449-940-9713x11594,False,M
8910625,Jennifer.Atkinson@maine.edu,Jennifer.Atkinson,throw618,player,(319)678-5448,True,XS
3475236,Brian.Jones@maine.edu,Brian.Jones,environmental274,player,(756)560-2348x374,True,S
7810853,Kimberly.Hansen@maine.edu,Kimberly.Hansen,within852,player,+1-787-637-1157x707,False,XS
3190572,Candice.Jackson@maine.edu,Candice.Jackson,boy908,player,+1-627-471-7065x944,True,XS
3782444,Danielle.Palmer@maine.edu,Danielle.Palmer,sport26,player,+1-552-502-4835x710,True,S
2654002,John.Cunningham@maine.edu,John.Cunningham,paper805,player,(242)512-6553,True,XS
8460082,Karen.Roman@maine.edu,Karen.Roman,scientist247,player,+1-336-709-1628,True,XS
4808500,Alan.Alvarez@maine.edu,Alan.Alvarez,begin929,player,305.870.0344,False,M
3022649,Chad.Moore@maine.edu,Chad.Moore,system951,player,3924878742,False,L
8445755,Mary.Sullivan@maine.edu,Mary.Sullivan,movie61,player,729-802-9820x143,False,M
8408892,James.Jones@maine.edu,James.Jones,technology196,player,233.261.8449,True,M
9316162,Vicki.Newman@maine.edu,Vicki.Newman,me448,player,733.805.3114,True,XL
1544009,Mr..James.Johnson@maine.edu,Mr..James.Johnson,ground246,player,+1-677-575-0296x0598,False,M
3616587,Kimberly.Sanford@maine.edu,Kimberly.Sanford,student970,player,+1-613-649-6526x125,True,M
8453964,Michael.Christian@maine.edu,Michael.Christian,early630,player,(365)524-8930x50926,False,XS
3589963,Debbie.Collier@maine.edu,Debbie.Collier,seven40,player,573-466-5849x295,False,XS
3514190,Amanda.Norris@maine.edu,Amanda.Norris,event63,player,001-953-641-8021x43178,True,XS
7323472,Mr..Christopher.Estes@maine.edu,Mr..Christopher.Estes,chair13,player,6779457722,True,XL
8892240,Robert.Brown@maine.edu,Robert.Brown,expert119,player,413.410.7815x1818,False,S
7841619,Matthew.Oneal@maine.edu,Matthew.Oneal,clear917,player,425-962-5850,False,XL
6741845,Thomas.Miller@maine.edu,Thomas.Miller,finally598,player,453-634-5668x512,False,S
3096405,Jacqueline.Santos@maine.edu,Jacqueline.Santos,compare257,player,(339)604-2654,False,XS
9600858,Stephen.Mccormick@maine.edu,Stephen.Mccormick,piece552,player,001-272-615-0612x794,True,M
2139995,Linda.Clark@maine.edu,Linda.Clark,more858,player,(413)401-5882x84598,True,S
1163098,David.Jones@maine.edu,David.Jones,adult225,player,+1-365-648-9496x1613,False,M
5095261,Kayla.Rice@maine.edu,Kayla.Rice,study891,player,4258668432,True,XS
1267552,Terri.Garcia@maine.edu,Terri.Garcia,exist585,player,+1-292-754-5528x39892,False,XL
2690916,Olivia.Melendez@maine.edu,Olivia.Melendez,possible398,player,312.486.3653x49050,True,XS
4540260,Matthew.Miller@maine.edu,Matthew.Miller,south814,player,844-793-8363x618,False,XL
8480616,Eric.Harding@maine.edu,Eric.Harding,discussion544,player,287.375.9411,False,XS
8505192,Lisa.Hutchinson@maine.edu,Lisa.Hutchinson,history747,player,(802)381-9211,False,XS
1746794,Richard.Sanders@maine.edu,Richard.Sanders,student135,player,001-493-704-1003x771,True,S
6287211,Bonnie.Haynes@maine.edu,Bonnie.Haynes,exactly341,player,599-593-9268x31468,False,S
8982379,Tony.Padilla@maine.edu,Tony.Padilla,within854,player,8499918022,True,S
3245935,Sherri.Hall@maine.edu,Sherri.Hall,car694,player,001-494-890-5037x5695,False,S
7315311,Thomas.Davis@maine.edu,Thomas.Davis,yes905,player,+1-286-930-1078,False,XS
7511919,John.Tucker@maine.edu,John.Tucker,gas358,player,001-567-487-0410x52172,False,S
9639792,Marie.Morris@maine.edu,Marie.Morris,help13,player,8682633587,True,XL
5058419,Christopher.Nelson@maine.edu,Christopher.Nelson,college374,player,292-679-2899,True,XL
6817651,Kimberly.Morales@maine.edu,Kimberly.Morales,affect832,player,214.488.4705,False,M
5353327,Jennifer.Hill@maine.edu,Jennifer.Hill,agree787,player,(388)207-9756x59843,False,L
2619254,Richard.White@maine.edu,Richard.White,soldier200,player,(718)722-9960,True,XL
9990009,Alexandra.Garcia@maine.edu,Alexandra.Garcia,born139,player,941.957.8536x546,True,XS
8873850,Stacey.Reynolds@maine.edu,Stacey.Reynolds,brother465,player,+1-353-566-5017x19547,True,S
5371771,Amanda.Zimmerman@maine.edu,Amanda.Zimmerman,actually243,player,001-512-539-3266,False,L
7509887,Daniel.Spence@maine.edu,Daniel.Spence,economy433,player,001-383-236-3317x93123,True,L
2727809,Shane.Farrell@maine.edu,Shane.Farrell,eye24,player,(502)475-0718,False,XS
2881414,James.Warren@maine.edu,James.Warren,onto745,player,424-361-9071x190,True,S
1345421,Jacob.Sanders@maine.edu,Jacob.Sanders,bank93,player,(788)833-4451x522,True,S
9967504,Jake.Washington@maine.edu,Jake.Washington,program897,player,4226402288,False,S
6700945,Nichole.Walsh@maine.edu,Nichole.Walsh,newspaper519,player,001-279-724-2534x62305,False,L
1036179,Dean.Li@maine.edu,Dean.Li,position948,player,+1-334-523-4469x5146,True,XS
3712919,Paul.Choi@maine.edu,Paul.Choi,spring496,player,508-715-5524x33661,True,M
4099994,Brianna.Todd.DVM@maine.edu,Brianna.Todd.DVM,think454,player,+1-484-211-9578x91682,True,S
1447835,Antonio.Johnson@maine.edu,Antonio.Johnson,network885,player,001-965-996-0921x910,False,XL
8570783,Ronald.Ray@maine.edu,Ronald.Ray,civil219,player,+1-933-313-9688x26328,False,M
5113759,Jason.Dickson@maine.edu,Jason.Dickson,we817,player,593.421.1265x240,True,S
9838497,Robert.Parker@maine.edu,Robert.Parker,common625,player,(715)671-2046x187,False,XL
8404898,Hector.Hughes@maine.edu,Hector.Hughes,pass381,player,(845)873-1062,True,XL
2686883,James.Blair@maine.edu,James.Blair,phone667,player,373.968.4154x78580,True,XL
8644511,Kathy.Duncan@maine.edu,Kathy.Duncan,authority379,player,721-342-8059,True,XS
8277928,David.Mcpherson@maine.edu,David.Mcpherson,best562,player,+1-960-414-4854x0152,False,XS
3270570,Dana.Mcdonald@maine.edu,Dana.Mcdonald,discussion498,player,001-339-403-0452x21460,True,XL
8329134,Jodi.Hudson.PhD@maine.edu,Jodi.Hudson.PhD,third281,player,722.813.2073,True,S
5887919,Kimberly.Davis@maine.edu,Kimberly.Davis,theory125,player,001-785-840-6662x7362,True,M
8527791,Douglas.Smith@maine.edu,Douglas.Smith,window139,player,919.748.5150,True,S
8392627,Danielle.Montes@maine.edu,Danielle.Montes,reduce693,player,980.694.4251x308,False,XS
6666165,Angela.White@maine.edu,Angela.White,thousand266,player,7745064473,False,L
4052919,Renee.Perry@maine.edu,Renee.Perry,one76,player,+1-554-272-5996x28977,False,S
9836472,Brent.Hancock@maine.edu,Brent.Hancock,grow636,player,696.716.7565,False,XL
8216504,Colin.Wilson@maine.edu,Colin.Wilson,summer588,player,001-597-206-4349x2393,False,XL
8011706,Matthew.Colon@maine.edu,Matthew.Colon,run766,player,001-451-585-9222x599,True,S
8921020,Sean.Hartman@maine.edu,Sean.Hartman,of354,player,608.204.1078x8157,True,L
3610567,Jennifer.Wilson@maine.edu,Jennifer.Wilson,laugh353,player,(914)855-5493x084,False,XL
9179083,Ryan.Adams@maine.edu,Ryan.Adams,investment513,player,(566)686-0925,True,M
1730510,Emily.Bray@maine.edu,Emily.Bray,perform131,player,(474)522-4328x4590,False,S
4620239,Joseph.Chapman@maine.edu,Joseph.Chapman,laugh781,player,001-431-420-7638,False,XL
2090960,Michael.Jimenez@maine.edu,Michael.Jimenez,within803,player,(483)343-3188x570,True,S
4845523,Jeff.Ward.MD@maine.edu,Jeff.Ward.MD,share18,player,753.495.9541,False,S
5871572,Valerie.Walton@maine.edu,Valerie.Walton,again57,player,(319)673-4857x513,True,XL
7872469,Scott.Wright@maine.edu,Scott.Wright,weight219,player,+1-445-817-6239,True,XS
1007577,Wayne.Donaldson@maine.edu,Wayne.Donaldson,carry263,player,+1-821-630-5981x55318,True,L
5765081,Samantha.Fernandez@maine.edu,Samantha.Fernandez,eight956,player,(728)923-9683x2245,True,L
3100636,Ronald.Brown@maine.edu,Ronald.Brown,material898,player,(247)293-4630x377,True,XS
4534237,Anthony.Davis@maine.edu,Anthony.Davis,space635,player,3157389411,False,M
7630813,Sara.Garcia@maine.edu,Sara.Garcia,improve399,player,(236)420-7420,False,M
1652700,Maria.Harrison@maine.edu,Maria.Harrison,writer97,player,999.433.1515x268,False,XS
9811937,Cathy.Norris@maine.edu,Cathy.Norris,why578,player,001-328-932-2928x903,True,XS
7317475,Ethan.Jones@maine.edu,Ethan.Jones,education497,player,(900)707-5911,True,S
2351075,Anthony.Edwards@maine.edu,Anthony.Edwards,goal374,player,001-923-839-0309x45244,False,XS
8200167,Denise.Arias@maine.edu,Denise.Arias,score76,player,+1-826-752-6266x488,False,XL
6240233,Justin.Blackwell@maine.edu,Justin.Blackwell,newspaper778,player,001-417-252-2951x19334,False,XS
2494444,Timothy.Jacobson@maine.edu,Timothy.Jacobson,nature661,player,(936)619-8152,True,M
2385900,Brian.David@maine.edu,Brian.David,affect943,player,+1-745-241-9415x811,True,XL
8937454,Mary.Gould@maine.edu,Mary.Gould,anything782,player,(583)508-9199x636,True,XS
6803441,Kathleen.Mccormick@maine.edu,Kathleen.Mccormick,ability762,player,562.677.4966x6752,True,M
9762807,Dana.Greene@maine.edu,Dana.Greene,article845,player,366.438.2775x944,True,S
6998008,Bryan.Wilkinson@maine.edu,Bryan.Wilkinson,off21,player,630.576.4673,True,S
8253434,David.Mclaughlin@maine.edu,David.Mclaughlin,effect94,player,001-797-822-7007x29026,False,S
2449403,Mrs..Amanda.Armstrong@maine.edu,Mrs..Amanda.Armstrong,hair315,player,(446)449-9022x36648,False,S
6801406,Heather.Lynch@maine.edu,Heather.Lynch,economy22,player,+1-296-831-7800x25694,False,XS
